公司代號,公司名稱,統一編號,_統一編號
104,臺銀綜合證券股份有限公司,"	28428390","_	28428390"
111,臺灣中小企銀股份有限公司,"	14329223","_	14329223"
116,日盛證券股份有限公司,"	03098908","_	03098908"
218,亞東證券股份有限公司,"	36552651","_	36552651"
511,富隆證券股份有限公司,"	22956788","_	22956788"
518,太平洋證券股份有限公司,"	22957533","_	22957533"
532,高橋證券股份有限公司,"	22958842","_	22958842"
537,鴻福證券股份有限公司,"	23111773","_	23111773"
538,第一金證券股份有限公司,"	22959223","_	22959223"
546,寶盛證券股份有限公司,"	23111648","_	23111648"
550,豐銀證券股份有限公司,"	23112344","_	23112344"
560,永興證券股份有限公司,"	22957745","_	22957745"
572,大華證券股份有限公司,"	23115497","_	23115497"
587,光隆證券股份有限公司,"	23222335","_	23222335"
596,日茂證券股份有限公司,"	23360006","_	23360006"
601,犇亞證券股份有限公司,"	23226260","_	23226260"
616,中國信託綜合證券股份有限公司,"	23416851","_	23416851"
638,光和證券股份有限公司,"	23417015","_	23417015"
646,大昌證券股份有限公司,"	23469771","_	23469771"
662,全泰證券股份有限公司,"	23470685","_	23470685"
666,和興證券股份有限公司,"	23469717","_	23469717"
695,福勝證券股份有限公司,"	23470904","_	23470904"
700,兆豐證券股份有限公司,"	23474649","_	23474649"
708,石橋證券股份有限公司,"	23474227","_	23474227"
732,大永證券股份有限公司,"	23472305","_	23472305"
736,日陞證券股份有限公司,"	23532177","_	23532177"
775,北城證券股份有限公司,"	23530972","_	23530972"
779,國票綜合證券股份有限公司,"	23535744","_	23535744"
815,台新綜合證券股份有限公司,"	23534956","_	23534956"
838,安泰證券股份有限公司,"	23827117","_	23827117"
856,新光證券股份有限公司,"	84703412","_	84703412"
869,新壽綜合證券股份有限公司,"	16096826","_	16096826"
877,大鼎證券股份有限公司,"	16634748","_	16634748"
888,國泰綜合證券股份有限公司,"	27236155","_	27236155"
930,華南永昌綜合證券股份有限公司,"	22955774","_	22955774"
960,富邦綜合證券股份有限公司,"	22957301","_	22957301"
980,元大證券股份有限公司,"	97160609","_	97160609"
1101,台灣水泥股份有限公司,"	11913502","_	11913502"
1102,亞洲水泥股份有限公司,"	03244509","_	03244509"
1103,嘉新水泥股份有限公司,"	11892801","_	11892801"
1104,環球水泥股份有限公司,"	07568009","_	07568009"
1108,幸福水泥股份有限公司,"	40601248","_	40601248"
1109,信大水泥股份有限公司,"	03279507","_	03279507"
1110,東南水泥股份有限公司,"	83078600","_	83078600"
1111,欣欣水泥企業股份有限公司,"	36513594","_	36513594"
1115,和桐水泥股份有限公司,"	53220783","_	53220783"
1201,味全食品工業股份有限公司,"	11347802","_	11347802"
1203,味王股份有限公司,"	07067309","_	07067309"
1210,大成長城企業股份有限公司,"	73008303","_	73008303"
1213,大西洋飲料股份有限公司,"	35012903","_	35012903"
1215,台灣卜蜂企業股份有限公司,"	36514783","_	36514783"
1216,統一企業股份有限公司,"	73251209","_	73251209"
1217,愛之味股份有限公司,"	65534366","_	65534366"
1218,泰山企業股份有限公司,"	59661701","_	59661701"
1219,福壽實業股份有限公司,"	56192402","_	56192402"
1220,台榮產業股份有限公司,"	03543210","_	03543210"
1225,福懋油脂股份有限公司,"	22102298","_	22102298"
1227,佳格食品股份有限公司,"	22102473","_	22102473"
1229,聯華實業投資控股股份有限公司,"	11996904","_	11996904"
1231,聯華食品工業股份有限公司,"	07569627","_	07569627"
1232,大統益股份有限公司,"	20927014","_	20927014"
1233,天仁茶業股份有限公司,"	18559415","_	18559415"
1234,黑松股份有限公司,"	20651901","_	20651901"
1235,興泰實業股份有限公司,"	85617982","_	85617982"
1236,宏亞食品股份有限公司,"	34106066","_	34106066"
1237,台灣糖業股份有限公司,"	03794905","_	03794905"
1240,茂生農經股份有限公司,"	18795706","_	18795706"
1242,新東陽股份有限公司,"	15319335","_	15319335"
1246,中聯油脂股份有限公司,"	89480404","_	89480404"
1256,鮮活控股股份有限公司,"	37759808","_	37759808"
1258,其祥生物科技控股有限公司,"	53028230","_	53028230"
1259,安心食品服務股份有限公司,"	23928945","_	23928945"
1260,富味鄉食品股份有限公司,"	12467902","_	12467902"
1262,綠悅控股有限公司,"	38490560","_	38490560"
1264,德麥食品股份有限公司,"	23420497","_	23420497"
1267,京華堂實業股份有限公司,"	84478111","_	84478111"
1268,漢來美食股份有限公司,"	80352343","_	80352343"
1269,乾杯股份有限公司,"	70443909","_	70443909"
1271,晨暉生物科技股份有限公司,"	28708250","_	28708250"
1293,利統股份有限公司,"	89955491","_	89955491"
1301,台灣塑膠工業股份有限公司,"	75708007","_	75708007"
1303,南亞塑膠工業股份有限公司,"	75370905","_	75370905"
1304,台灣聚合化學品股份有限公司,"	11917107","_	11917107"
1305,華夏海灣塑膠股份有限公司,"	11686106","_	11686106"
1307,三芳化學工業股份有限公司,"	83387850","_	83387850"
1308,亞洲聚合股份有限公司,"	20747385","_	20747385"
1309,台達化學工業股份有限公司,"	11893409","_	11893409"
1310,台灣苯乙烯工業股份有限公司,"	20844865","_	20844865"
1312,國喬石油化學股份有限公司,"	04212250","_	04212250"
1313,聯成化學科技股份有限公司,"	04748660","_	04748660"
1314,中國石油化學工業開發股份有限公司,"	03084741","_	03084741"
1315,達新工業股份有限公司,"	51059101","_	51059101"
1316,上曜建設開發股份有限公司,"	73654033","_	73654033"
1319,東陽實業廠股份有限公司,"	68326665","_	68326665"
1321,大洋塑膠工業股份有限公司,"	15024509","_	15024509"
1323,永裕塑膠工業股份有限公司,"	68192103","_	68192103"
1324,地球綜合工業股份有限公司,"	07147916","_	07147916"
1325,恒大股份有限公司,"	11455800","_	11455800"
1326,台灣化學纖維股份有限公司,"	58650902","_	58650902"
1328,台灣中油股份有限公司,"	03707901","_	03707901"
1333,恩得利工業股份有限公司,"	84584513","_	84584513"
1336,台翰精密科技股份有限公司,"	22589593","_	22589593"
1337,亞洲塑膠再生資源控股股份有限公司,"	26068617","_	26068617"
1338,廣華控股有限公司,"	26594386","_	26594386"
1339,昭輝實業股份有限公司,"	22078327","_	22078327"
1340,勝悅新材料股份有限公司,"	37722768","_	37722768"
1341,富林塑膠工業控股股份有限公司,"	82716171","_	82716171"
1342,八貫企業股份有限公司,"	12386676","_	12386676"
1343,旭東環保科技股份有限公司,"	89323361","_	89323361"
1402,遠東新世紀股份有限公司,"	03522600","_	03522600"
1408,中興紡織廠股份有限公司,"	35082604","_	35082604"
1409,新光合成纖維股份有限公司,"	07435515","_	07435515"
1410,南洋染整股份有限公司,"	35286207","_	35286207"
1413,宏洲纖維工業股份有限公司,"	07220710","_	07220710"
1414,東和紡織股份有限公司,"	73141105","_	73141105"
1416,廣豐實業股份有限公司,"	43434316","_	43434316"
1417,嘉裕股份有限公司,"	11825825","_	11825825"
1418,東華合纖股份有限公司,"	11083148","_	11083148"
1419,新光紡織股份有限公司,"	07435901","_	07435901"
1423,利華羊毛工業股份有限公司,"	11311608","_	11311608"
1432,大魯閣實業股份有限公司,"	04690983","_	04690983"
1434,福懋興業股份有限公司,"	14001199","_	14001199"
1435,中福國際股份有限公司,"	03101946","_	03101946"
1436,華友聯開發股份有限公司,"	07510318","_	07510318"
1437,勤益投資控股股份有限公司,"	35535607","_	35535607"
1438,裕豐國際開發股份有限公司,"	03561011","_	03561011"
1439,中和羊毛工業股份有限公司,"	11113403","_	11113403"
1440,臺南紡織股份有限公司,"	68919301","_	68919301"
1441,大東紡織股份有限公司,"	51037304","_	51037304"
1442,名軒開發股份有限公司,"	04615057","_	04615057"
1443,立益紡織股份有限公司,"	04287483","_	04287483"
1444,力麗企業股份有限公司,"	07663290","_	07663290"
1445,大宇紡織股份有限公司,"	07015014","_	07015014"
1446,宏和精密紡織股份有限公司,"	73641170","_	73641170"
1447,力鵬企業股份有限公司,"	33955322","_	33955322"
1449,佳和實業股份有限公司,"	72055019","_	72055019"
1451,年興紡織股份有限公司,"	22266307","_	22266307"
1452,宏益纖維工業股份有限公司,"	43121481","_	43121481"
1453,大將開發股份有限公司,"	07617901","_	07617901"
1454,台灣富綢纖維股份有限公司,"	04301794","_	04301794"
1455,集盛實業股份有限公司,"	43295237","_	43295237"
1456,怡華實業股份有限公司,"	33144175","_	33144175"
1457,宜進實業股份有限公司,"	07669338","_	07669338"
1459,聯發紡織纖維股份有限公司,"	33653494","_	33653494"
1460,宏遠興業股份有限公司,"	22817999","_	22817999"
1463,強盛染整股份有限公司,"	07715023","_	07715023"
1464,得力實業股份有限公司,"	73686632","_	73686632"
1465,偉全實業股份有限公司,"	33700601","_	33700601"
1466,聚隆纖維股份有限公司,"	22976047","_	22976047"
1467,南緯實業股份有限公司,"	69559487","_	69559487"
1468,昶和纖維興業股份有限公司,"	36123364","_	36123364"
1470,大統新創股份有限公司,"	22267777","_	22267777"
1471,首利實業股份有限公司,"	07699023","_	07699023"
1472,三洋紡織纖維股份有限公司,"	07029919","_	07029919"
1473,台南企業股份有限公司,"	68919702","_	68919702"
1474,弘裕企業股份有限公司,"	58003997","_	58003997"
1475,本盟光電股份有限公司,"	23912057","_	23912057"
1476,儒鴻企業股份有限公司,"	35884479","_	35884479"
1477,聚陽實業股份有限公司,"	23609668","_	23609668"
1480,東盟開發實業股份有限公司,"	88121697","_	88121697"
1489,日南紡織股份有限公司,"	56039219","_	56039219"
1503,士林電機廠股份有限公司,"	11039306","_	11039306"
1504,東元電機股份有限公司,"	11332202","_	11332202"
1506,正道工業股份有限公司,"	68193807","_	68193807"
1507,永大機電工業股份有限公司,"	11166702","_	11166702"
1512,瑞利企業股份有限公司,"	85330636","_	85330636"
1513,中興電工機械股份有限公司,"	33029464","_	33029464"
1514,亞力電機股份有限公司,"	03213392","_	03213392"
1515,力山工業股份有限公司,"	55759180","_	55759180"
1516,川飛能源股份有限公司,"	22071751","_	22071751"
1517,利奇機械工業股份有限公司,"	59008318","_	59008318"
1519,華城電機股份有限公司,"	33284077","_	33284077"
1521,大億交通工業製造股份有限公司,"	69408876","_	69408876"
1522,堤維西交通工業股份有限公司,"	22269487","_	22269487"
1524,耿鼎企業股份有限公司,"	22081250","_	22081250"
1525,江申工業股份有限公司,"	35129100","_	35129100"
1526,日馳企業股份有限公司,"	11099726","_	11099726"
1527,鑽全實業股份有限公司,"	20982120","_	20982120"
1528,恩德科技股份有限公司,"	11551634","_	11551634"
1529,樂士股份有限公司,"	34211074","_	34211074"
1530,亞崴機電股份有限公司,"	22224692","_	22224692"
1531,高林股份有限公司,"	29538509","_	29538509"
1532,勤美股份有限公司,"	03474311","_	03474311"
1533,車王電子股份有限公司,"	04827138","_	04827138"
1535,中宇環保工程股份有限公司,"	84252401","_	84252401"
1536,和大工業股份有限公司,"	52264848","_	52264848"
1537,廣隆光電科技股份有限公司,"	23556563","_	23556563"
1538,正峰新能源股份有限公司,"	44947686","_	44947686"
1539,巨庭機械股份有限公司,"	52646207","_	52646207"
1540,喬福機械工業股份有限公司,"	52903090","_	52903090"
1541,錩泰工業股份有限公司,"	23248433","_	23248433"
1550,台全電機股份有限公司,"	11824327","_	11824327"
1557,金豐機器工業股份有限公司,"	58303609","_	58303609"
1558,伸興工業股份有限公司,"	55754185","_	55754185"
1560,中國砂輪企業股份有限公司,"	03089008","_	03089008"
1563,巧新科技工業股份有限公司,"	84980915","_	84980915"
1565,精華光學股份有限公司,"	22195654","_	22195654"
1568,倉佑實業股份有限公司,"	66654986","_	66654986"
1569,濱川企業股份有限公司,"	76404919","_	76404919"
1570,力肯實業股份有限公司,"	36253534","_	36253534"
1580,新麥企業股份有限公司,"	12461082","_	12461082"
1582,信錦企業股份有限公司,"	35966577","_	35966577"
1583,程泰機械股份有限公司,"	52353530","_	52353530"
1584,精剛精密科技股份有限公司,"	80334042","_	80334042"
1585,鎧鉅科技股份有限公司,"	12642444","_	12642444"
1586,和勤精機股份有限公司,"	86985605","_	86985605"
1587,吉茂精密股份有限公司,"	24157564","_	24157564"
1589,永冠能源科技集團股份有限公司,"	41048746","_	41048746"
1590,亞德客國際集團股份有限公司,"	53666460","_	53666460"
1591,英屬開曼群島商駿吉控股股份有限公司,"	53650116","_	53650116"
1592,英瑞國際股份有限公司,"	41134952","_	41134952"
1593,祺驊股份有限公司,"	97432341","_	97432341"
1594,日高工程實業股份有限公司,"	04938839","_	04938839"
1595,川寶科技股份有限公司,"	16860440","_	16860440"
1597,直得科技股份有限公司,"	16755427","_	16755427"
1598,岱宇國際股份有限公司,"	23751545","_	23751545"
1599,宏佳騰動力科技股份有限公司,"	80621419","_	80621419"
1602,太平洋電線電纜股份有限公司,"	03064800","_	03064800"
1603,中華電線電纜股份有限公司,"	35882520","_	35882520"
1604,聲寶股份有限公司,"	03607500","_	03607500"
1605,華新麗華股份有限公司,"	35412204","_	35412204"
1606,歌林股份有限公司,"	35451108","_	35451108"
1608,華榮電線電纜股份有限公司,"	79460007","_	79460007"
1609,大亞電線電纜股份有限公司,"	68035907","_	68035907"
1611,中國電器股份有限公司,"	03086001","_	03086001"
1612,宏泰電工股份有限公司,"	43125162","_	43125162"
1613,台一國際股份有限公司,"	34284955","_	34284955"
1614,台灣三洋電機股份有限公司,"	03564501","_	03564501"
1615,大山電線電纜股份有限公司,"	64829434","_	64829434"
1616,億泰電線電纜股份有限公司,"	22819700","_	22819700"
1617,榮星電線工業股份有限公司,"	73341336","_	73341336"
1618,合機電線電纜股份有限公司,"	23206102","_	23206102"
1619,大展電線電纜股份有限公司,"	05024240","_	05024240"
1626,艾美特國際股份有限公司,"	34995738","_	34995738"
1701,中國化學製藥股份有限公司,"	03088802","_	03088802"
1702,南僑投資控股股份有限公司,"	07305506","_	07305506"
1707,葡萄王生技股份有限公司,"	11880517","_	11880517"
1708,東鹼股份有限公司,"	11384405","_	11384405"
1709,和益化學工業股份有限公司,"	04312878","_	04312878"
1710,東聯化學股份有限公司,"	14057995","_	14057995"
1711,臺灣永光化學工業股份有限公司,"	15458455","_	15458455"
1712,興農股份有限公司,"	51911712","_	51911712"
1713,國泰化工廠股份有限公司,"	03375001","_	03375001"
1714,和桐化學股份有限公司,"	12526607","_	12526607"
1716,永信藥品工業股份有限公司,"	56065601","_	56065601"
1717,長興材料工業股份有限公司,"	75339004","_	75339004"
1718,中國人造纖維股份有限公司,"	07066907","_	07066907"
1720,生達化學製藥股份有限公司,"	71122503","_	71122503"
1721,三晃股份有限公司,"	55738290","_	55738290"
1722,台灣肥料股份有限公司,"	03795101","_	03795101"
1723,中鋼碳素化學股份有限公司,"	23221384","_	23221384"
1724,台硝股份有限公司,"	38033305","_	38033305"
1725,元禎企業股份有限公司,"	12132033","_	12132033"
1726,永記造漆工業股份有限公司,"	75137605","_	75137605"
1727,臺灣中華化學工業股份有限公司,"	03558206","_	03558206"
1730,花仙子企業股份有限公司,"	07708830","_	07708830"
1731,美吾華股份有限公司,"	14089976","_	14089976"
1732,毛寶股份有限公司,"	34245356","_	34245356"
1733,五鼎生物技術股份有限公司,"	16130182","_	16130182"
1734,杏輝藥品工業股份有限公司,"	42042734","_	42042734"
1735,日勝化工股份有限公司,"	23263551","_	23263551"
1736,喬山健康科技股份有限公司,"	52347361","_	52347361"
1737,臺鹽實業股份有限公司,"	89397503","_	89397503"
1739,欣雲天然氣股份有限公司,"	22820164","_	22820164"
1740,欣桃天然氣股份有限公司,"	43147546","_	43147546"
1742,台灣蠟品股份有限公司,"	22625269","_	22625269"
1743,大台南區天然氣股份有限公司,"	22660547","_	22660547"
1745,欣嘉石油氣股份有限公司,"	22658633","_	22658633"
1752,南光化學製藥股份有限公司,"	69275313","_	69275313"
1760,寶齡富錦生技股份有限公司,"	04742997","_	04742997"
1762,中化合成生技股份有限公司,"	03088704","_	03088704"
1763,奇美實業股份有限公司,"	68387705","_	68387705"
1764,長春石油化學股份有限公司,"	11384806","_	11384806"
1765,長春人造樹脂廠股份有限公司,"	11384708","_	11384708"
1766,大連化學工業股份有限公司,"	12233428","_	12233428"
1767,陽明山瓦斯股份有限公司,"	29705246","_	29705246"
1769,欣中天然氣股份有限公司,"	51326774","_	51326774"
1770,信東生技股份有限公司,"	43211700","_	43211700"
1773,勝一化工股份有限公司,"	75970680","_	75970680"
1775,大東樹脂化學股份有限公司,"	51008069","_	51008069"
1776,展宇科技材料股份有限公司,"	47061800","_	47061800"
1777,生泰合成工業股份有限公司,"	72197621","_	72197621"
1780,立弘生化科技股份有限公司,"	12971536","_	12971536"
1781,合世生醫科技股份有限公司,"	97304042","_	97304042"
1783,和康生物科技股份有限公司,"	16749811","_	16749811"
1784,訊聯生物科技股份有限公司,"	70836411","_	70836411"
1785,光洋應用材料科技股份有限公司,"	43787872","_	43787872"
1786,科妍生物科技股份有限公司,"	13159100","_	13159100"
1787,福盈科技化學股份有限公司,"	12207266","_	12207266"
1788,杏昌生技股份有限公司,"	23161816","_	23161816"
1789,台灣神隆股份有限公司,"	16130161","_	16130161"
1795,美時化學製藥股份有限公司,"	11456110","_	11456110"
1796,金穎生物科技股份有限公司,"	16962158","_	16962158"
1799,易威生醫科技股份有限公司,"	16570131","_	16570131"
1802,台灣玻璃工業股份有限公司,"	11914002","_	11914002"
1805,寶徠建設股份有限公司,"	12179563","_	12179563"
1806,冠軍建材股份有限公司,"	49701774","_	49701774"
1808,潤隆建設股份有限公司,"	34149369","_	34149369"
1809,中國製釉股份有限公司,"	47056834","_	47056834"
1810,和成欣業股份有限公司,"	03228304","_	03228304"
1813,寶利徠光學科技股份有限公司,"	84449952","_	84449952"
1814,東聯光訊玻璃股份有限公司,"	23902451","_	23902451"
1815,富喬工業股份有限公司,"	16834268","_	16834268"
1817,凱撒衛浴股份有限公司,"	22746550","_	22746550"
1819,豐鼎光波奈米科技股份有限公司,"	89321602","_	89321602"
1902,台灣紙業股份有限公司,"	11912102","_	11912102"
1903,士林紙業股份有限公司,"	11038101","_	11038101"
1904,正隆股份有限公司,"	33085508","_	33085508"
1905,中華紙漿股份有限公司,"	94025264","_	94025264"
1906,寶隆國際股份有限公司,"	12030606","_	12030606"
1907,永豐餘投資控股股份有限公司,"	85066002","_	85066002"
1909,榮成紙業股份有限公司,"	34202841","_	34202841"
2002,中國鋼鐵股份有限公司,"	30414175","_	30414175"
2006,東和鋼鐵企業股份有限公司,"	75280209","_	75280209"
2007,燁興企業股份有限公司,"	75992214","_	75992214"
2008,高興昌鋼鐵股份有限公司,"	75466009","_	75466009"
2009,第一伸銅科技股份有限公司,"	82001528","_	82001528"
2010,春源鋼鐵工業股份有限公司,"	11529802","_	11529802"
2012,春雨工廠股份有限公司,"	88187108","_	88187108"
2013,中國鋼鐵結構股份有限公司,"	85800192","_	85800192"
2014,中鴻鋼鐵股份有限公司,"	07838854","_	07838854"
2015,豐興鋼鐵股份有限公司,"	55389357","_	55389357"
2017,官田鋼鐵股份有限公司,"	72065240","_	72065240"
2020,美亞鋼管廠股份有限公司,"	44680700","_	44680700"
2022,聚亨企業股份有限公司,"	79841479","_	79841479"
2023,燁輝企業股份有限公司,"	75947936","_	75947936"
2024,志聯工業股份有限公司,"	43633504","_	43633504"
2025,千興不銹鋼股份有限公司,"	70005915","_	70005915"
2027,大成不銹鋼工業股份有限公司,"	22318348","_	22318348"
2028,威致鋼鐵工業股份有限公司,"	69771636","_	69771636"
2029,盛餘股份有限公司,"	79837539","_	79837539"
2030,彰源企業股份有限公司,"	60330130","_	60330130"
2031,新光鋼鐵股份有限公司,"	35836625","_	35836625"
2032,新鋼工業股份有限公司,"	34008635","_	34008635"
2033,佳大世界股份有限公司,"	72072615","_	72072615"
2034,允強實業股份有限公司,"	59068700","_	59068700"
2035,唐榮鐵工廠股份有限公司,"	75460005","_	75460005"
2038,海光企業股份有限公司,"	75470524","_	75470524"
2041,燁茂實業股份有限公司,"	76480628","_	76480628"
2043,福光企業股份有限公司,"	73632361","_	73632361"
2048,中龍鋼鐵股份有限公司,"	84613756","_	84613756"
2049,上銀科技股份有限公司,"	23503047","_	23503047"
2056,璋釔鋼鐵廠股份有限公司,"	59315006","_	59315006"
2059,川湖科技股份有限公司,"	22274989","_	22274989"
2060,永發鋼鐵工業股份有限公司,"	35489006","_	35489006"
2061,風青實業股份有限公司,"	89260422","_	89260422"
2062,橋椿金屬股份有限公司,"	59353423","_	59353423"
2063,世鎧精密股份有限公司,"	86637206","_	86637206"
2064,晉椿工業股份有限公司,"	30826319","_	30826319"
2065,世豐螺絲股份有限公司,"	31213886","_	31213886"
2066,世德工業股份有限公司,"	22546808","_	22546808"
2067,嘉鋼精密工業股份有限公司,"	66402912","_	66402912"
2068,優頻科技材料股份有限公司,"	23929418","_	23929418"
2069,運錩鋼鐵股份有限公司,"	22533297","_	22533297"
2070,精湛光學科技股份有限公司,"	89855649","_	89855649"
2071,震南鐵線股份有限公司,"	86540792","_	86540792"
2101,南港輪胎股份有限公司,"	11520909","_	11520909"
2102,泰豐輪胎股份有限公司,"	44721408","_	44721408"
2103,台橡股份有限公司,"	03553737","_	03553737"
2104,國際中橡投資控股股份有限公司,"	04382114","_	04382114"
2105,正新橡膠工業股份有限公司,"	59504506","_	59504506"
2106,建大工業股份有限公司,"	59619900","_	59619900"
2107,厚生股份有限公司,"	03283306","_	03283306"
2108,南帝化學工業股份有限公司,"	12209807","_	12209807"
2109,華豐橡膠工業股份有限公司,"	59760104","_	59760104"
2114,鑫永銓股份有限公司,"	51704734","_	51704734"
2115,六暉控股股份有限公司,"	38773146","_	38773146"
2201,裕隆汽車製造股份有限公司,"	03489200","_	03489200"
2204,中華汽車工業股份有限公司,"	03098415","_	03098415"
2206,三陽工業股份有限公司,"	24004006","_	24004006"
2207,和泰汽車股份有限公司,"	03251108","_	03251108"
2208,台灣國際造船股份有限公司,"	04695235","_	04695235"
2215,匯豐汽車股份有限公司,"	83446817","_	83446817"
2218,高都汽車股份有限公司,"	85961513","_	85961513"
2219,鍾慶科技開發股份有限公司,"	64998780","_	64998780"
2220,南都汽車股份有限公司,"	86120567","_	86120567"
2221,大甲永和機械工業股份有限公司,"	56615319","_	56615319"
2222,桃苗汽車股份有限公司,"	22817885","_	22817885"
2225,國都汽車股份有限公司,"	22663848","_	22663848"
2226,中部汽車股份有限公司,"	22819125","_	22819125"
2227,裕隆日產汽車股份有限公司,"	80032530","_	80032530"
2228,劍麟股份有限公司,"	04359789","_	04359789"
2230,泰茂實業股份有限公司,"	86070187","_	86070187"
2231,為升電裝工業股份有限公司,"	23219346","_	23219346"
2233,宇隆科技股份有限公司,"	22702791","_	22702791"
2235,謚源實業股份有限公司,"	22479934","_	22479934"
2236,百達精密工業股份有限公司,"	42299452","_	42299452"
2237,華德動能科技股份有限公司,"	27579308","_	27579308"
2239,開曼英利工業股份有限公司,"	47423487","_	47423487"
2241,艾姆勒車電股份有限公司,"	53418357","_	53418357"
2243,宏旭控股股份有限公司,"	55996613","_	55996613"
2245,詠勝昌股份有限公司,"	16696080","_	16696080"
2246,凱勝綠能科技股份有限公司,"	53823551","_	53823551"
2247,汎德永業汽車股份有限公司,"	20838245","_	20838245"
2248,華勝汽車電子股份有限公司,"	73676873","_	73676873"
2301,光寶科技股份有限公司,"	23357403","_	23357403"
2302,麗正國際科技股份有限公司,"	04982433","_	04982433"
2303,聯華電子股份有限公司,"	47217677","_	47217677"
2305,全友電腦股份有限公司,"	47226140","_	47226140"
2308,台達電子工業股份有限公司,"	34051920","_	34051920"
2311,日月光半導體製造股份有限公司,"	76027628","_	76027628"
2312,金寶電子工業股份有限公司,"	04370927","_	04370927"
2313,華通電腦股份有限公司,"	04401392","_	04401392"
2314,台揚科技股份有限公司,"	47255762","_	47255762"
2316,楠梓電子股份有限公司,"	76026851","_	76026851"
2317,鴻海精密工業股份有限公司,"	04541302","_	04541302"
2321,東訊股份有限公司,"	47224065","_	47224065"
2323,中環股份有限公司,"	12205020","_	12205020"
2324,仁寶電腦工業股份有限公司,"	21222725","_	21222725"
2325,矽品精密工業股份有限公司,"	55991080","_	55991080"
2327,國巨股份有限公司,"	22636630","_	22636630"
2328,廣宇科技股份有限公司,"	03546618","_	03546618"
2329,華泰電子股份有限公司,"	89004161","_	89004161"
2330,台灣積體電路製造股份有限公司,"	22099131","_	22099131"
2331,精英電腦股份有限公司,"	22449566","_	22449566"
2332,友訊科技股份有限公司,"	22099189","_	22099189"
2337,旺宏電子股份有限公司,"	22099548","_	22099548"
2338,台灣光罩股份有限公司,"	22099408","_	22099408"
2340,光磊科技股份有限公司,"	47255947","_	47255947"
2342,台灣茂矽電子股份有限公司,"	22099110","_	22099110"
2344,華邦電子股份有限公司,"	22099218","_	22099218"
2345,智邦科技股份有限公司,"	22099287","_	22099287"
2347,聯強國際股份有限公司,"	23060541","_	23060541"
2348,海悅國際開發股份有限公司,"	22624873","_	22624873"
2349,錸德科技股份有限公司,"	23218873","_	23218873"
2351,順德工業股份有限公司,"	58506816","_	58506816"
2352,佳世達科技股份有限公司,"	12490306","_	12490306"
2353,宏碁股份有限公司,"	20828393","_	20828393"
2354,鴻準精密工業股份有限公司,"	23707801","_	23707801"
2355,敬鵬工業股份有限公司,"	43816068","_	43816068"
2356,英業達股份有限公司,"	04322046","_	04322046"
2357,華碩電腦股份有限公司,"	23638777","_	23638777"
2358,廷鑫興業股份有限公司,"	22447526","_	22447526"
2359,所羅門股份有限公司,"	23640801","_	23640801"
2360,致茂電子股份有限公司,"	09461025","_	09461025"
2362,藍天電腦股份有限公司,"	09424319","_	09424319"
2363,矽統科技股份有限公司,"	22099202","_	22099202"
2364,倫飛電腦實業股份有限公司,"	79883646","_	79883646"
2365,昆盈企業股份有限公司,"	05141520","_	05141520"
2367,燿華電子股份有限公司,"	05637971","_	05637971"
2368,金像電子股份有限公司,"	30955404","_	30955404"
2369,菱生精密工業股份有限公司,"	55625676","_	55625676"
2371,大同股份有限公司,"	11026506","_	11026506"
2373,震旦行股份有限公司,"	03568400","_	03568400"
2374,佳能企業股份有限公司,"	11394902","_	11394902"
2375,智寶電子股份有限公司,"	34230543","_	34230543"
2376,技嘉科技股份有限公司,"	22044755","_	22044755"
2377,微星科技股份有限公司,"	22178368","_	22178368"
2379,瑞昱半導體股份有限公司,"	22671299","_	22671299"
2380,虹光精密工業股份有限公司,"	22099759","_	22099759"
2382,廣達電腦股份有限公司,"	22822281","_	22822281"
2383,台光電子材料股份有限公司,"	86521351","_	86521351"
2384,勝華科技股份有限公司,"	22100398","_	22100398"
2385,群光電子股份有限公司,"	20954200","_	20954200"
2387,精元電腦股份有限公司,"	86244265","_	86244265"
2388,威盛電子股份有限公司,"	86870786","_	86870786"
2390,云辰電子開發股份有限公司,"	34412092","_	34412092"
2392,正崴精密工業股份有限公司,"	22223510","_	22223510"
2393,億光電子工業股份有限公司,"	34516147","_	34516147"
2395,研華股份有限公司,"	05155853","_	05155853"
2396,精碟科技股份有限公司,"	23826861","_	23826861"
2397,友通資訊股份有限公司,"	30950652","_	30950652"
2399,映泰股份有限公司,"	23826200","_	23826200"
2401,凌陽科技股份有限公司,"	23821182","_	23821182"
2402,毅嘉科技股份有限公司,"	23588039","_	23588039"
2404,漢唐集成股份有限公司,"	20938096","_	20938096"
2405,浩鑫股份有限公司,"	20980880","_	20980880"
2406,國碩科技工業股份有限公司,"	97178376","_	97178376"
2408,南亞科技股份有限公司,"	89390656","_	89390656"
2409,友達光電股份有限公司,"	84149738","_	84149738"
2412,中華電信股份有限公司,"	96979933","_	96979933"
2413,環隆科技股份有限公司,"	52878846","_	52878846"
2414,精技電腦股份有限公司,"	12215548","_	12215548"
2415,錩新科技股份有限公司,"	44913118","_	44913118"
2417,圓剛科技股份有限公司,"	23611974","_	23611974"
2419,仲琦科技股份有限公司,"	22029190","_	22029190"
2420,新巨企業股份有限公司,"	20970807","_	20970807"
2421,建準電機工業股份有限公司,"	81448796","_	81448796"
2423,固緯電子實業股份有限公司,"	04735004","_	04735004"
2424,隴華電子股份有限公司,"	04926876","_	04926876"
2425,承啟科技股份有限公司,"	22332192","_	22332192"
2426,鼎元光電科技股份有限公司,"	22434156","_	22434156"
2427,三商電腦股份有限公司,"	31275691","_	31275691"
2428,興勤電子工業股份有限公司,"	83639504","_	83639504"
2429,銘旺科技股份有限公司,"	12206203","_	12206203"
2430,燦坤實業股份有限公司,"	69568009","_	69568009"
2431,聯昌電子企業股份有限公司,"	35568331","_	35568331"
2433,互盛股份有限公司,"	12516241","_	12516241"
2434,統懋半導體股份有限公司,"	22404266","_	22404266"
2436,偉詮電子股份有限公司,"	22099499","_	22099499"
2438,翔耀實業股份有限公司,"	12364770","_	12364770"
2439,美律實業股份有限公司,"	52375605","_	52375605"
2440,太空梭高傳真資訊科技股份有限公司,"	01887370","_	01887370"
2441,超豐電子股份有限公司,"	05126366","_	05126366"
2442,新美齊股份有限公司,"	22006274","_	22006274"
2443,新利虹科技股份有限公司,"	97165506","_	97165506"
2444,兆勁科技股份有限公司,"	89549446","_	89549446"
2448,晶元光電股份有限公司,"	84149786","_	84149786"
2449,京元電子股份有限公司,"	22507241","_	22507241"
2450,神腦國際企業股份有限公司,"	12228473","_	12228473"
2451,創見資訊股份有限公司,"	23446187","_	23446187"
2453,凌群電腦股份有限公司,"	04967550","_	04967550"
2454,聯發科技股份有限公司,"	84149961","_	84149961"
2455,全新光電科技股份有限公司,"	97170472","_	97170472"
2456,奇力新電子股份有限公司,"	47006693","_	47006693"
2457,飛宏科技股份有限公司,"	30435973","_	30435973"
2458,義隆電子股份有限公司,"	84149224","_	84149224"
2459,敦吉科技股份有限公司,"	20863763","_	20863763"
2460,建通精密工業股份有限公司,"	84433564","_	84433564"
2461,光群雷射科技股份有限公司,"	22099322","_	22099322"
2462,台灣良得電子股份有限公司,"	04877657","_	04877657"
2464,盟立自動化股份有限公司,"	22099478","_	22099478"
2465,麗臺科技股份有限公司,"	22325002","_	22325002"
2466,冠西電子企業股份有限公司,"	34348590","_	34348590"
2467,志聖工業股份有限公司,"	07618057","_	07618057"
2468,華經資訊企業股份有限公司,"	12115702","_	12115702"
2471,資通電腦股份有限公司,"	20873360","_	20873360"
2472,立隆電子工業股份有限公司,"	52358985","_	52358985"
2474,可成科技股份有限公司,"	69905810","_	69905810"
2475,中華映管股份有限公司,"	11085292","_	11085292"
2476,鉅祥企業股份有限公司,"	04403568","_	04403568"
2477,美隆工業股份有限公司,"	33750329","_	33750329"
2478,大毅科技股份有限公司,"	23534301","_	23534301"
2480,敦陽科技股份有限公司,"	84218848","_	84218848"
2481,強茂股份有限公司,"	22145016","_	22145016"
2482,連宇股份有限公司,"	38430938","_	38430938"
2483,百容電子股份有限公司,"	52753108","_	52753108"
2484,希華晶體科技股份有限公司,"	22771229","_	22771229"
2485,兆赫電子股份有限公司,"	12320400","_	12320400"
2486,一詮精密工業股份有限公司,"	35866232","_	35866232"
2488,漢平電子工業股份有限公司,"	68889236","_	68889236"
2489,瑞軒科技股份有限公司,"	84929896","_	84929896"
2491,吉祥全球實業股份有限公司,"	89380545","_	89380545"
2492,華新科技股份有限公司,"	19004316","_	19004316"
2493,揚博科技股份有限公司,"	30929883","_	30929883"
2495,普安科技股份有限公司,"	84166074","_	84166074"
2496,卓越成功股份有限公司,"	22099786","_	22099786"
2497,怡利電子工業股份有限公司,"	59334664","_	59334664"
2498,宏達國際電子股份有限公司,"	16003518","_	16003518"
2499,東貝光電科技股份有限公司,"	84412694","_	84412694"
2501,國泰建設股份有限公司,"	03374306","_	03374306"
2504,國產建材實業股份有限公司,"	24060203","_	24060203"
2505,國揚實業股份有限公司,"	11603817","_	11603817"
2506,太平洋建設股份有限公司,"	11099009","_	11099009"
2509,全坤建設開發股份有限公司,"	04921056","_	04921056"
2511,太子建設開發股份有限公司,"	72058206","_	72058206"
2514,龍邦國際興業股份有限公司,"	22817273","_	22817273"
2515,中華工程股份有限公司,"	75094900","_	75094900"
2516,新亞建設開發股份有限公司,"	11762504","_	11762504"
2520,冠德建設股份有限公司,"	30900892","_	30900892"
2524,京城建設股份有限公司,"	06667446","_	06667446"
2527,宏璟建設股份有限公司,"	22344508","_	22344508"
2528,皇普建設股份有限公司,"	81271967","_	81271967"
2530,大華建設股份有限公司,"	11059409","_	11059409"
2534,宏盛建設股份有限公司,"	22221180","_	22221180"
2535,達欣工程股份有限公司,"	18997007","_	18997007"
2536,宏普建設股份有限公司,"	23113054","_	23113054"
2537,聯上開發股份有限公司,"	22659295","_	22659295"
2538,基泰建設股份有限公司,"	12251662","_	12251662"
2539,櫻花建設股份有限公司,"	22491640","_	22491640"
2540,愛山林建設開發股份有限公司,"	22190686","_	22190686"
2542,興富發建設股份有限公司,"	12305479","_	12305479"
2543,皇昌營造股份有限公司,"	34342717","_	34342717"
2545,皇翔建設股份有限公司,"	86379024","_	86379024"
2546,根基營造股份有限公司,"	43876760","_	43876760"
2547,日勝生活科技股份有限公司,"	12373243","_	12373243"
2548,華固建設股份有限公司,"	23358846","_	23358846"
2549,遠揚建設股份有限公司,"	36538005","_	36538005"
2557,泛亞工程建設股份有限公司,"	11367406","_	11367406"
2568,世正開發股份有限公司,"	86386622","_	86386622"
2579,鈺通營造工程股份有限公司,"	22298292","_	22298292"
2580,遠揚營造工程股份有限公司,"	05117325","_	05117325"
2589,承隆能源科技股份有限公司,"	22705087","_	22705087"
2596,綠意開發股份有限公司,"	12860948","_	12860948"
2597,潤弘精密工程事業股份有限公司,"	66394146","_	66394146"
2599,樂揚建設股份有限公司,"	84271110","_	84271110"
2601,益航股份有限公司,"	03353007","_	03353007"
2603,長榮海運股份有限公司,"	11337775","_	11337775"
2605,新興航運股份有限公司,"	11812103","_	11812103"
2606,裕民航運股份有限公司,"	47067419","_	47067419"
2607,長榮國際儲運股份有限公司,"	04406559","_	04406559"
2608,嘉里大榮物流股份有限公司,"	51015548","_	51015548"
2609,陽明海運股份有限公司,"	04200199","_	04200199"
2610,中華航空股份有限公司,"	11145904","_	11145904"
2611,志信國際股份有限公司,"	33853232","_	33853232"
2612,中國航運股份有限公司,"	43778070","_	43778070"
2613,中國貨櫃運輸股份有限公司,"	39014517","_	39014517"
2614,東森國際股份有限公司,"	04964250","_	04964250"
2615,萬海航運股份有限公司,"	11395000","_	11395000"
2616,山隆通運股份有限公司,"	33983853","_	33983853"
2617,台灣航業股份有限公司,"	03564713","_	03564713"
2618,長榮航空股份有限公司,"	23225229","_	23225229"
2619,新竹物流股份有限公司,"	46480100","_	46480100"
2621,立榮航空股份有限公司,"	22958771","_	22958771"
2630,亞洲航空股份有限公司,"	11381701","_	11381701"
2633,台灣高速鐵路股份有限公司,"	16446274","_	16446274"
2634,漢翔航空工業股份有限公司,"	97160544","_	97160544"
2636,台驊國際投資控股股份有限公司,"	22358734","_	22358734"
2637,慧洋海運股份有限公司,"	25637751","_	25637751"
2640,台灣大車隊股份有限公司,"	27767961","_	27767961"
2641,正德海運股份有限公司,"	16467798","_	16467798"
2642,台灣宅配通股份有限公司,"	70624227","_	70624227"
2643,捷迅股份有限公司,"	12479610","_	12479610"
2701,萬華企業股份有限公司,"	15415013","_	15415013"
2702,華園飯店股份有限公司,"	75560601","_	75560601"
2704,國賓大飯店股份有限公司,"	11636802","_	11636802"
2705,六福開發股份有限公司,"	11081274","_	11081274"
2706,第一華僑大飯店股份有限公司,"	11587957","_	11587957"
2707,晶華國際酒店股份有限公司,"	04268726","_	04268726"
2711,凱撒大飯店股份有限公司,"	12499670","_	12499670"
2712,遠雄悅來大飯店股份有限公司,"	23986016","_	23986016"
2716,長榮國際股份有限公司,"	12508713","_	12508713"
2718,晶悅國際飯店股份有限公司,"	12198180","_	12198180"
2719,燦星國際旅行社股份有限公司,"	80355209","_	80355209"
2721,楷捷國際投資股份有限公司,"	28975066","_	28975066"
2722,夏都國際開發股份有限公司,"	89434676","_	89434676"
2723,開曼美食達人股份有限公司,"	39682101","_	39682101"
2724,富驛酒店集團股份有限公司,"	28982799","_	28982799"
2726,雅茗天地股份有限公司,"	38634004","_	38634004"
2727,王品餐飲股份有限公司,"	84630426","_	84630426"
2729,瓦城泰統股份有限公司,"	70843031","_	70843031"
2730,美麗信酒店股份有限公司,"	80674294","_	80674294"
2731,雄獅旅行社股份有限公司,"	04655091","_	04655091"
2732,六角國際事業股份有限公司,"	80671769","_	80671769"
2733,維格餅家股份有限公司,"	80490319","_	80490319"
2734,易飛網國際旅行社股份有限公司,"	70464468","_	70464468"
2736,高野大飯店股份有限公司,"	29129201","_	29129201"
2739,寒舍餐旅管理顧問股份有限公司,"	70471881","_	70471881"
2740,天蔥國際股份有限公司,"	28581041","_	28581041"
2741,人杰老四川餐飲管理顧問股份有限公司,"	28836494","_	28836494"
2743,山富國際旅行社股份有限公司,"	22888987","_	22888987"
2745,五福旅行社股份有限公司,"	22835878","_	22835878"
2748,雲品國際酒店股份有限公司,"	54023418","_	54023418"
2750,桃禧航空城大飯店股份有限公司,"	24395427","_	24395427"
2751,王座國際餐飲股份有限公司,"	42756204","_	42756204"
2752,豆府股份有限公司,"	28841757","_	28841757"
2753,八方雲集國際股份有限公司,"	70472679","_	70472679"
2754,亞洲藏壽司股份有限公司,"	54669129","_	54669129"
2755,揚秦國際企業股份有限公司,"	42591908","_	42591908"
2801,彰化商業銀行股份有限公司,"	51811609","_	51811609"
2807,渣打國際商業銀行股份有限公司,"	46479103","_	46479103"
2809,京城商業銀行股份有限公司,"	68921101","_	68921101"
2812,台中商業銀行股份有限公司,"	51816908","_	51816908"
2816,旺旺友聯產物保險股份有限公司,"	03110001","_	03110001"
2820,中華票券金融股份有限公司,"	12198359","_	12198359"
2823,中國人壽保險股份有限公司,"	03434016","_	03434016"
2832,台灣產物保險股份有限公司,"	03557115","_	03557115"
2833,台灣人壽保險股份有限公司,"	03557017","_	03557017"
2834,臺灣中小企業銀行股份有限公司,"	03793407","_	03793407"
2836,高雄銀行股份有限公司,"	79854797","_	79854797"
2837,凱基商業銀行股份有限公司,"	86517321","_	86517321"
2838,聯邦商業銀行股份有限公司,"	86380802","_	86380802"
2841,台灣土地開發股份有限公司,"	03701104","_	03701104"
2845,遠東國際商業銀行股份有限公司,"	86517096","_	86517096"
2848,華南產物保險股份有限公司,"	03415101","_	03415101"
2849,安泰商業銀行股份有限公司,"	86928561","_	86928561"
2850,新光產物保險股份有限公司,"	03458403","_	03458403"
2851,中央再保險股份有限公司,"	11081991","_	11081991"
2852,第一產物保險股份有限公司,"	03359109","_	03359109"
2855,統一綜合證券股份有限公司,"	23218183","_	23218183"
2856,元富證券股份有限公司,"	23357868","_	23357868"
2858,中租迪和股份有限公司,"	05072925","_	05072925"
2863,泰安產物保險股份有限公司,"	03336704","_	03336704"
2867,三商美邦人壽保險股份有限公司,"	84443471","_	84443471"
2872,台灣票券金融股份有限公司,"	89396292","_	89396292"
2873,大中票券金融股份有限公司,"	89391748","_	89391748"
2874,萬通票券金融股份有限公司,"	89398334","_	89398334"
2876,宏泰人壽保險股份有限公司,"	84894313","_	84894313"
2877,國泰世紀產物保險股份有限公司,"	84445772","_	84445772"
2880,華南金融控股股份有限公司,"	70826764","_	70826764"
2881,富邦金融控股股份有限公司,"	03374805","_	03374805"
2882,國泰金融控股股份有限公司,"	70827406","_	70827406"
2883,中華開發金融控股股份有限公司,"	70827383","_	70827383"
2884,玉山金融控股股份有限公司,"	70796305","_	70796305"
2885,元大金融控股股份有限公司,"	70796749","_	70796749"
2886,兆豐金融控股股份有限公司,"	70796754","_	70796754"
2887,台新金融控股股份有限公司,"	80328055","_	80328055"
2888,新光金融控股股份有限公司,"	80328219","_	80328219"
2889,國票金融控股股份有限公司,"	80330257","_	80330257"
2890,永豐金融控股股份有限公司,"	80333183","_	80333183"
2891,中國信託金融控股股份有限公司,"	80333992","_	80333992"
2892,第一金融控股股份有限公司,"	80351999","_	80351999"
2893,臺灣新光商業銀行股份有限公司,"	97172648","_	97172648"
2894,大慶票券金融股份有限公司,"	97172915","_	97172915"
2895,陽信商業銀行股份有限公司,"	16091049","_	16091049"
2897,王道商業銀行股份有限公司,"	70745361","_	70745361"
2899,台北金融大樓股份有限公司,"	16095410","_	16095410"
2901,欣欣大眾市場股份有限公司,"	11364230","_	11364230"
2903,遠東百貨股份有限公司,"	03521905","_	03521905"
2904,匯僑股份有限公司,"	12195466","_	12195466"
2905,三商投資控股股份有限公司,"	11052709","_	11052709"
2906,高林實業股份有限公司,"	11547230","_	11547230"
2908,特力股份有限公司,"	20795246","_	20795246"
2910,統領百貨股份有限公司,"	20937863","_	20937863"
2911,麗嬰房股份有限公司,"	04377371","_	04377371"
2912,統一超商股份有限公司,"	22555003","_	22555003"
2913,台灣農林股份有限公司,"	07525207","_	07525207"
2915,潤泰全球股份有限公司,"	14053007","_	14053007"
2916,滿心企業股份有限公司,"	12498877","_	12498877"
2920,海景世界企業股份有限公司,"	70739971","_	70739971"
2923,鼎固控股有限公司,"	31896684","_	31896684"
2924,開曼東凌股份有限公司,"	26335810","_	26335810"
2926,誠品生活股份有限公司,"	27952966","_	27952966"
2928,紅馬集團股份有限公司,"	54962284","_	54962284"
2929,淘帝國際控股有限公司,"	54381224","_	54381224"
2936,客思達股份有限公司,"	47585813","_	47585813"
2937,集雅社股份有限公司,"	89266170","_	89266170"
2938,床的世界股份有限公司,"	80646713","_	80646713"
2939,凱羿國際集團股份有限公司,"	72768516","_	72768516"
2940,歐都納股份有限公司,"	59112564","_	59112564"
2941,米斯特國際企業股份有限公司,"	53167020","_	53167020"
2942,京站實業股份有限公司,"	28710621","_	28710621"
2945,三商家購股份有限公司,"	54164937","_	54164937"
3002,歐格電子工業股份有限公司,"	31306250","_	31306250"
3003,健和興端子股份有限公司,"	59276051","_	59276051"
3004,豐達科技股份有限公司,"	16095404","_	16095404"
3005,神基科技股份有限公司,"	22099532","_	22099532"
3006,晶豪科技股份有限公司,"	16130280","_	16130280"
3008,大立光電股份有限公司,"	22480876","_	22480876"
3010,華立企業股份有限公司,"	75514419","_	75514419"
3011,今皓實業股份有限公司,"	20950226","_	20950226"
3013,晟銘電子科技股份有限公司,"	04777186","_	04777186"
3014,聯陽半導體股份有限公司,"	84149717","_	84149717"
3015,全漢企業股份有限公司,"	84239055","_	84239055"
3016,嘉晶電子股份有限公司,"	16130388","_	16130388"
3017,奇鋐科技股份有限公司,"	86427715","_	86427715"
3018,同開科技工程股份有限公司,"	96924451","_	96924451"
3019,亞洲光學股份有限公司,"	55921894","_	55921894"
3021,鴻名企業股份有限公司,"	84274833","_	84274833"
3022,威強電工業電腦股份有限公司,"	97445303","_	97445303"
3023,信邦電子股份有限公司,"	23542766","_	23542766"
3024,憶聲電子股份有限公司,"	44955117","_	44955117"
3025,星通資訊股份有限公司,"	22099863","_	22099863"
3026,禾伸堂企業股份有限公司,"	20891326","_	20891326"
3027,盛達電業股份有限公司,"	33659498","_	33659498"
3028,增你強股份有限公司,"	12401698","_	12401698"
3029,零壹科技股份有限公司,"	30922431","_	30922431"
3030,德律科技股份有限公司,"	23292535","_	23292535"
3031,佰鴻工業股份有限公司,"	34452164","_	34452164"
3032,偉訓科技股份有限公司,"	69577160","_	69577160"
3033,威健實業股份有限公司,"	04648938","_	04648938"
3034,聯詠科技股份有限公司,"	84149955","_	84149955"
3035,智原科技股份有限公司,"	84149060","_	84149060"
3036,文曄科技股份有限公司,"	84498860","_	84498860"
3037,欣興電子股份有限公司,"	23535435","_	23535435"
3038,全台晶像股份有限公司,"	89261652","_	89261652"
3040,遠見科技股份有限公司,"	22050221","_	22050221"
3041,揚智科技股份有限公司,"	84149054","_	84149054"
3042,台灣晶技股份有限公司,"	21204867","_	21204867"
3043,科風股份有限公司,"	22485794","_	22485794"
3044,健鼎科技股份有限公司,"	86379707","_	86379707"
3045,台灣大哥大股份有限公司,"	97176270","_	97176270"
3046,建碁股份有限公司,"	97306457","_	97306457"
3047,訊舟科技股份有限公司,"	22164580","_	22164580"
3048,益登科技股份有限公司,"	97099302","_	97099302"
3049,和鑫光電股份有限公司,"	70750217","_	70750217"
3050,鈺德科技股份有限公司,"	84785413","_	84785413"
3051,力特光電科技股份有限公司,"	16439169","_	16439169"
3052,夆典科技開發股份有限公司,"	20730758","_	20730758"
3054,立萬利創新股份有限公司,"	86143822","_	86143822"
3055,蔚華科技股份有限公司,"	22729784","_	22729784"
3056,總太地產開發股份有限公司,"	16264908","_	16264908"
3057,喬鼎資訊股份有限公司,"	22099738","_	22099738"
3058,立德電子股份有限公司,"	38019280","_	38019280"
3059,華晶科技股份有限公司,"	97307625","_	97307625"
3060,銘異科技股份有限公司,"	30897480","_	30897480"
3062,建漢科技股份有限公司,"	16594892","_	16594892"
3064,泰偉電子股份有限公司,"	70613972","_	70613972"
3066,李洲科技股份有限公司,"	04541794","_	04541794"
3067,全域股份有限公司,"	04934334","_	04934334"
3071,協禧電機股份有限公司,"	90724033","_	90724033"
3073,凱柏實業股份有限公司,"	86298705","_	86298705"
3078,僑威科技股份有限公司,"	84573516","_	84573516"
3081,聯亞光電工業股份有限公司,"	16022634","_	16022634"
3083,中華網龍股份有限公司,"	70541704","_	70541704"
3085,創新新零售股份有限公司,"	89836340","_	89836340"
3086,華義國際數位娛樂股份有限公司,"	84453385","_	84453385"
3088,艾訊股份有限公司,"	23718011","_	23718011"
3089,元炬科研股份有限公司,"	84167600","_	84167600"
3090,日電貿股份有限公司,"	84116878","_	84116878"
3092,鴻碩精密電工股份有限公司,"	86318408","_	86318408"
3093,台灣港建股份有限公司,"	04655310","_	04655310"
3094,聯傑國際股份有限公司,"	84149759","_	84149759"
3095,及成企業股份有限公司,"	33724081","_	33724081"
3097,拍檔科技股份有限公司,"	23622986","_	23622986"
3105,穩懋半導體股份有限公司,"	70752257","_	70752257"
3114,好德科技股份有限公司,"	20799897","_	20799897"
3115,寶島極光股份有限公司,"	86825235","_	86825235"
3117,年程科技股份有限公司,"	89379218","_	89379218"
3118,進階生物科技股份有限公司,"	23348952","_	23348952"
3122,笙泉科技股份有限公司,"	16945166","_	16945166"
3128,昇銳電子股份有限公司,"	22601576","_	22601576"
3130,一零四資訊科技股份有限公司,"	84598349","_	84598349"
3131,弘塑科技股份有限公司,"	84355899","_	84355899"
3138,耀登科技股份有限公司,"	23573774","_	23573774"
3141,晶宏半導體股份有限公司,"	70392248","_	70392248"
3144,新揚科技股份有限公司,"	70774800","_	70774800"
3147,大綜電腦系統股份有限公司,"	86059612","_	86059612"
3149,正達國際光電股份有限公司,"	97049373","_	97049373"
3150,鈺寶科技股份有限公司,"	16372688","_	16372688"
3151,智泰科技股份有限公司,"	89706487","_	89706487"
3152,璟德電子工業股份有限公司,"	16443570","_	16443570"
3157,台灣之星電信股份有限公司,"	70769567","_	70769567"
3158,嘉實資訊股份有限公司,"	16795856","_	16795856"
3162,精確實業股份有限公司,"	86406401","_	86406401"
3163,波若威科技股份有限公司,"	16586555","_	16586555"
3164,景岳生物科技股份有限公司,"	12715847","_	12715847"
3167,大量科技股份有限公司,"	43938484","_	43938484"
3168,眾福科技股份有限公司,"	16274722","_	16274722"
3169,亞信電子股份有限公司,"	84149435","_	84149435"
3171,新洲全球股份有限公司,"	23945965","_	23945965"
3176,基亞生物科技股份有限公司,"	70760897","_	70760897"
3178,公準精密工業股份有限公司,"	75940820","_	75940820"
3184,微邦科技股份有限公司,"	97454724","_	97454724"
3188,鑫龍騰開發股份有限公司,"	12667444","_	12667444"
3189,景碩科技股份有限公司,"	70785139","_	70785139"
3191,和進電子股份有限公司,"	86105242","_	86105242"
3197,源河生技應用股份有限公司,"	16130893","_	16130893"
3202,樺晟電子股份有限公司,"	39607700","_	39607700"
3205,佰研生化科技股份有限公司,"	16313696","_	16313696"
3206,志豐電子股份有限公司,"	31109687","_	31109687"
3207,耀勝電子股份有限公司,"	86534980","_	86534980"
3209,全科科技股份有限公司,"	86027892","_	86027892"
3211,順達科技股份有限公司,"	16596982","_	16596982"
3213,茂訊電腦股份有限公司,"	23631726","_	23631726"
3217,優群科技股份有限公司,"	22575850","_	22575850"
3218,大學光學科技股份有限公司,"	84926791","_	84926791"
3219,倚強股份有限公司,"	86865138","_	86865138"
3221,台灣嘉碩科技股份有限公司,"	16264983","_	16264983"
3224,三顧股份有限公司,"	16657495","_	16657495"
3226,至寶光電股份有限公司,"	22193115","_	22193115"
3227,原相科技股份有限公司,"	16633261","_	16633261"
3228,金麗科技股份有限公司,"	16200855","_	16200855"
3229,晟鈦股份有限公司,"	22570840","_	22570840"
3230,錦明實業股份有限公司,"	22490277","_	22490277"
3231,緯創資通股份有限公司,"	12868358","_	12868358"
3232,昱捷股份有限公司,"	22731120","_	22731120"
3234,光環科技股份有限公司,"	16211142","_	16211142"
3236,千如電機工業股份有限公司,"	45011782","_	45011782"
3252,海灣國際開發股份有限公司,"	84919932","_	84919932"
3257,虹冠電子工業股份有限公司,"	16130417","_	16130417"
3259,鑫創科技股份有限公司,"	16766959","_	16766959"
3260,威剛科技股份有限公司,"	12861019","_	12861019"
3264,欣銓科技股份有限公司,"	70751779","_	70751779"
3265,台星科股份有限公司,"	70552666","_	70552666"
3266,昇陽建設企業股份有限公司,"	84141187","_	84141187"
3268,海德威電子工業股份有限公司,"	86105539","_	86105539"
3272,東碩資訊股份有限公司,"	84126144","_	84126144"
3276,宇環科技股份有限公司,"	70684527","_	70684527"
3280,龍生工業股份有限公司,"	76025369","_	76025369"
3284,太普高精密影像股份有限公司,"	16469727","_	16469727"
3285,微端科技股份有限公司,"	89649873","_	89649873"
3287,廣寰科技股份有限公司,"	70360251","_	70360251"
3288,點晶科技股份有限公司,"	97334073","_	97334073"
3289,宜特科技股份有限公司,"	89845410","_	89845410"
3290,東浦精密光電股份有限公司,"	89347602","_	89347602"
3293,鈊象電子股份有限公司,"	23519738","_	23519738"
3294,英濟股份有限公司,"	86362776","_	86362776"
3296,勝德國際研發股份有限公司,"	12702977","_	12702977"
3297,杭特電子股份有限公司,"	23133690","_	23133690"
3303,岱稜科技股份有限公司,"	23842911","_	23842911"
3305,昇貿科技股份有限公司,"	04789211","_	04789211"
3306,鼎天國際股份有限公司,"	16433708","_	16433708"
3308,聯德電子股份有限公司,"	22749711","_	22749711"
3310,佳穎精密企業股份有限公司,"	22948084","_	22948084"
3311,閎暉實業股份有限公司,"	12956063","_	12956063"
3312,弘憶國際股份有限公司,"	89613636","_	89613636"
3313,斐成企業股份有限公司,"	84341994","_	84341994"
3317,尼克森微電子股份有限公司,"	16752651","_	16752651"
3321,同泰電子科技股份有限公司,"	23983947","_	23983947"
3322,建舜電子製造股份有限公司,"	34145259","_	34145259"
3323,加百裕工業股份有限公司,"	16271936","_	16271936"
3324,雙鴻科技股份有限公司,"	16619628","_	16619628"
3325,旭品科技股份有限公司,"	96958986","_	96958986"
3332,幸康電子股份有限公司,"	86009297","_	86009297"
3338,泰碩電子股份有限公司,"	89858152","_	89858152"
3339,泰谷光電科技股份有限公司,"	70774610","_	70774610"
3342,飛虹高科股份有限公司,"	22764634","_	22764634"
3346,麗清科技股份有限公司,"	16992625","_	16992625"
3349,寶德科技股份有限公司,"	97483122","_	97483122"
3354,律勝科技股份有限公司,"	97330127","_	97330127"
3356,奇偶科技股份有限公司,"	16302558","_	16302558"
3357,西北臺慶科技股份有限公司,"	86978512","_	86978512"
3360,尚立股份有限公司,"	09473845","_	09473845"
3362,先進光電科技股份有限公司,"	22301825","_	22301825"
3363,上詮光纖通信股份有限公司,"	84149462","_	84149462"
3369,鐵研科技股份有限公司,"	97272386","_	97272386"
3372,台灣典範半導體股份有限公司,"	22101544","_	22101544"
3373,熱映光電股份有限公司,"	70590078","_	70590078"
3374,精材科技股份有限公司,"	16741846","_	16741846"
3376,新日興股份有限公司,"	35424073","_	35424073"
3377,健格科技股份有限公司,"	23736159","_	23736159"
3379,彬台科技股份有限公司,"	05087498","_	05087498"
3380,明泰科技股份有限公司,"	12800392","_	12800392"
3383,新世紀光電股份有限公司,"	12979925","_	12979925"
3386,新德科技股份有限公司,"	16450558","_	16450558"
3388,崇越電通股份有限公司,"	84752200","_	84752200"
3390,旭軟電子科技股份有限公司,"	16674213","_	16674213"
3391,佳得股份有限公司,"	23861037","_	23861037"
3402,漢科系統科技股份有限公司,"	23830295","_	23830295"
3405,津綻石英科技股份有限公司,"	79952755","_	79952755"
3406,玉晶光電股份有限公司,"	23572557","_	23572557"
3413,京鼎精密科技股份有限公司,"	12858252","_	12858252"
3416,融程電訊股份有限公司,"	96930209","_	96930209"
3419,譁裕實業股份有限公司,"	47250470","_	47250470"
3426,台興電子企業股份有限公司,"	12499995","_	12499995"
3429,彥陽科技股份有限公司,"	89953557","_	89953557"
3430,奇鈦科技股份有限公司,"	16297788","_	16297788"
3431,長天科技股份有限公司,"	89875862","_	89875862"
3432,台端興業股份有限公司,"	22928881","_	22928881"
3434,哲固資訊科技股份有限公司,"	84354060","_	84354060"
3437,榮創能源科技股份有限公司,"	70634323","_	70634323"
3438,台灣類比科技股份有限公司,"	16795912","_	16795912"
3441,聯一光學工業股份有限公司,"	52888437","_	52888437"
3443,創意電子股份有限公司,"	16299879","_	16299879"
3444,利機企業股份有限公司,"	84355650","_	84355650"
3447,展達通訊股份有限公司,"	16045290","_	16045290"
3450,聯鈞光電股份有限公司,"	12624467","_	12624467"
3452,益通光能科技股份有限公司,"	12999083","_	12999083"
3454,晶睿通訊股份有限公司,"	70703897","_	70703897"
3455,由田新技股份有限公司,"	86710418","_	86710418"
3462,瑋鋒科技股份有限公司,"	89686953","_	89686953"
3463,宏塑工業股份有限公司,"	36319254","_	36319254"
3465,進泰電子科技股份有限公司,"	84232790","_	84232790"
3466,致振企業股份有限公司,"	12375925","_	12375925"
3472,友荃科技實業股份有限公司,"	12882675","_	12882675"
3479,安勤科技股份有限公司,"	70604376","_	70604376"
3481,群創光電股份有限公司,"	12800225","_	12800225"
3483,力致科技股份有限公司,"	16266820","_	16266820"
3484,崧騰企業股份有限公司,"	86834614","_	86834614"
3485,敘豐企業股份有限公司,"	84995500","_	84995500"
3489,森寶開發股份有限公司,"	86140894","_	86140894"
3490,單井工業股份有限公司,"	23393652","_	23393652"
3491,昇達科技股份有限公司,"	16999508","_	16999508"
3492,長盛科技股份有限公司,"	84846066","_	84846066"
3494,誠研科技股份有限公司,"	70801588","_	70801588"
3498,陽程科技股份有限公司,"	36049822","_	36049822"
3499,環天世通科技股份有限公司,"	70498381","_	70498381"
3501,維熹科技股份有限公司,"	80272361","_	80272361"
3504,揚明光學股份有限公司,"	12800061","_	12800061"
3507,力群電子股份有限公司,"	09410027","_	09410027"
3508,位速科技股份有限公司,"	12894840","_	12894840"
3509,聯禾有線電視股份有限公司,"	27560639","_	27560639"
3510,易鼎股份有限公司,"	96856411","_	96856411"
3511,矽瑪科技股份有限公司,"	80611545","_	80611545"
3512,皇龍開發股份有限公司,"	86746561","_	86746561"
3515,華擎科技股份有限公司,"	80333613","_	80333613"
3516,亞帝歐光電股份有限公司,"	86410720","_	86410720"
3518,柏騰科技股份有限公司,"	89732154","_	89732154"
3519,綠能科技股份有限公司,"	27335280","_	27335280"
3520,振維電子股份有限公司,"	22071540","_	22071540"
3521,鴻翊國際股份有限公司,"	22023793","_	22023793"
3522,御頂國際股份有限公司,"	12947467","_	12947467"
3523,迎輝科技股份有限公司,"	16366341","_	16366341"
3525,就業情報資訊股份有限公司,"	16795238","_	16795238"
3526,凡甲科技股份有限公司,"	16691156","_	16691156"
3527,聚積科技股份有限公司,"	16948543","_	16948543"
3528,安馳科技股份有限公司,"	12676056","_	12676056"
3529,力旺電子股份有限公司,"	70784292","_	70784292"
3530,晶相光電股份有限公司,"	27298412","_	27298412"
3531,先益電子工業股份有限公司,"	52543363","_	52543363"
3532,台塑勝高科技股份有限公司,"	89406518","_	89406518"
3533,嘉澤端子工業股份有限公司,"	22244141","_	22244141"
3535,晶彩科技股份有限公司,"	70720798","_	70720798"
3536,誠創科技股份有限公司,"	70734477","_	70734477"
3537,堡達實業股份有限公司,"	22625795","_	22625795"
3539,隨身遊戲股份有限公司,"	70602265","_	70602265"
3540,曜越科技股份有限公司,"	70669172","_	70669172"
3541,西柏科技股份有限公司,"	23975263","_	23975263"
3543,州巧科技股份有限公司,"	70526133","_	70526133"
3545,敦泰電子股份有限公司,"	28069900","_	28069900"
3546,宇峻奧汀科技股份有限公司,"	89521257","_	89521257"
3548,兆利科技工業股份有限公司,"	27393491","_	27393491"
3550,聯穎科技股份有限公司,"	22488639","_	22488639"
3551,世禾科技股份有限公司,"	16044341","_	16044341"
3552,同致電子企業股份有限公司,"	55900791","_	55900791"
3554,精品科技股份有限公司,"	23491751","_	23491751"
3555,重鵬生技股份有限公司,"	80551862","_	80551862"
3556,禾瑞亞科技股份有限公司,"	80342958","_	80342958"
3557,嘉威光電股份有限公司,"	27717512","_	27717512"
3558,神準科技股份有限公司,"	28496495","_	28496495"
3562,頂晶科技股份有限公司,"	28388897","_	28388897"
3563,牧德科技股份有限公司,"	16522758","_	16522758"
3564,其陽科技股份有限公司,"	12658515","_	12658515"
3566,太陽光電能源科技股份有限公司,"	28318416","_	28318416"
3567,逸昌科技股份有限公司,"	12613567","_	12613567"
3570,大塚資訊科技股份有限公司,"	16088678","_	16088678"
3572,宏芯科技股份有限公司,"	80308207","_	80308207"
3576,聯合再生能源股份有限公司,"	27763753","_	27763753"
3577,泓格科技股份有限公司,"	84517297","_	84517297"
3579,尚志半導體股份有限公司,"	89487188","_	89487188"
3580,友威科技股份有限公司,"	80072814","_	80072814"
3581,博磊科技股份有限公司,"	16889100","_	16889100"
3583,辛耘企業股份有限公司,"	30901647","_	30901647"
3585,聯致科技股份有限公司,"	16742182","_	16742182"
3587,閎康科技股份有限公司,"	79959286","_	79959286"
3588,通嘉科技股份有限公司,"	80254357","_	80254357"
3591,艾笛森光電股份有限公司,"	12907747","_	12907747"
3592,瑞鼎科技股份有限公司,"	80532726","_	80532726"
3593,力銘科技股份有限公司,"	80617029","_	80617029"
3594,磐儀科技股份有限公司,"	84469443","_	84469443"
3595,山太士股份有限公司,"	89716605","_	89716605"
3596,智易科技股份有限公司,"	12800294","_	12800294"
3597,映興電子股份有限公司,"	22306125","_	22306125"
3601,前源科技股份有限公司,"	70803848","_	70803848"
3603,建祥國際股份有限公司,"	80337786","_	80337786"
3605,宏致電子股份有限公司,"	97257738","_	97257738"
3607,谷崧精密工業股份有限公司,"	23414349","_	23414349"
3609,東林科技股份有限公司,"	13073151","_	13073151"
3611,鼎翰科技股份有限公司,"	28624652","_	28624652"
3615,安可光電股份有限公司,"	28812887","_	28812887"
3617,碩天科技股份有限公司,"	97474067","_	97474067"
3622,洋華光電股份有限公司,"	80260061","_	80260061"
3623,富晶通科技股份有限公司,"	70791435","_	70791435"
3624,光頡科技股份有限公司,"	16130084","_	16130084"
3625,西勝國際股份有限公司,"	96969724","_	96969724"
3627,華信光電科技股份有限公司,"	28621753","_	28621753"
3628,盈正豫順電子股份有限公司,"	16444732","_	16444732"
3629,地心引力股份有限公司,"	12898395","_	12898395"
3630,新鉅科技股份有限公司,"	70748276","_	70748276"
3631,晟楠科技股份有限公司,"	15979384","_	15979384"
3632,研勤科技股份有限公司,"	12894047","_	12894047"
3633,云光科技股份有限公司,"	16177616","_	16177616"
3637,沃福仕股份有限公司,"	80216143","_	80216143"
3642,駿熠電子科技股份有限公司,"	23491020","_	23491020"
3645,達邁科技股份有限公司,"	70776899","_	70776899"
3646,艾恩特精密工業股份有限公司,"	16870474","_	16870474"
3648,漢台科技股份有限公司,"	70702601","_	70702601"
3652,精聯電子股份有限公司,"	28913512","_	28913512"
3653,健策精密工業股份有限公司,"	22415854","_	22415854"
3656,聯勝光電股份有限公司,"	12800908","_	12800908"
3659,百辰光電股份有限公司,"	80493934","_	80493934"
3661,世芯電子股份有限公司,"	31659649","_	31659649"
3663,鑫科材料科技股份有限公司,"	16827203","_	16827203"
3664,安瑞科技股份有限公司,"	28984305","_	28984305"
3665,貿聯控股股份有限公司,"	26644007","_	26644007"
3666,光耀科技股份有限公司,"	27397031","_	27397031"
3669,圓展科技股份有限公司,"	28428722","_	28428722"
3672,康聯訊科技股份有限公司,"	16744506","_	16744506"
3673,宸鴻光電科技股份有限公司,"	31805657","_	31805657"
3674,康訊科技股份有限公司,"	22617253","_	22617253"
3675,德微科技股份有限公司,"	89672698","_	89672698"
3678,聯享光電股份有限公司,"	12767387","_	12767387"
3679,新至陞科技股份有限公司,"	36011776","_	36011776"
3680,家登精密工業股份有限公司,"	16406379","_	16406379"
3682,亞太電信股份有限公司,"	70771579","_	70771579"
3683,仲博科技股份有限公司,"	84900048","_	84900048"
3684,榮昌科技股份有限公司,"	89549184","_	89549184"
3685,元創精密車業股份有限公司,"	52811070","_	52811070"
3686,達能科技股份有限公司,"	28823511","_	28823511"
3687,茂為歐買尬數位科技股份有限公司,"	70444999","_	70444999"
3688,華立捷科技股份有限公司,"	12737912","_	12737912"
3689,湧德電子股份有限公司,"	27642463","_	27642463"
3690,群豐科技股份有限公司,"	28110041","_	28110041"
3691,碩禾電子材料股份有限公司,"	80433079","_	80433079"
3693,營邦企業股份有限公司,"	96994977","_	96994977"
3694,海華科技股份有限公司,"	27667787","_	27667787"
3698,隆達電子股份有限公司,"	28112694","_	28112694"
3701,大眾全球投資控股股份有限公司,"	27242184","_	27242184"
3702,大聯大投資控股股份有限公司,"	27928328","_	27928328"
3703,欣陸投資控股股份有限公司,"	28993629","_	28993629"
3704,合勤投資控股股份有限公司,"	28999503","_	28999503"
3705,永信國際投資控股股份有限公司,"	53004906","_	53004906"
3706,神達投資控股股份有限公司,"	53677966","_	53677966"
3707,漢磊先進投資控股股份有限公司,"	54389725","_	54389725"
3708,上緯國際投資控股股份有限公司,"	43238308","_	43238308"
3709,鑫聯大投資控股股份有限公司,"	51512503","_	51512503"
3710,連展投資控股股份有限公司,"	51608205","_	51608205"
3711,日月光投資控股股份有限公司,"	29187308","_	29187308"
3712,永崴投資控股股份有限公司,"	24813370","_	24813370"
4102,永日化學工業股份有限公司,"	56620559","_	56620559"
4104,佳醫健康事業股份有限公司,"	22854522","_	22854522"
4105,台灣東洋藥品工業股份有限公司,"	11821341","_	11821341"
4106,雃博股份有限公司,"	23632773","_	23632773"
4107,邦特生物科技股份有限公司,"	86306206","_	86306206"
4108,懷特生技新藥股份有限公司,"	16766281","_	16766281"
4109,加捷生醫股份有限公司,"	89415241","_	89415241"
4111,濟生醫藥生技股份有限公司,"	47154259","_	47154259"
4113,聯上實業股份有限公司,"	16126477","_	16126477"
4114,健喬信元醫藥生技股份有限公司,"	43199950","_	43199950"
4115,善德生化科技股份有限公司,"	16549813","_	16549813"
4116,明基三豐醫療器材股份有限公司,"	23285106","_	23285106"
4117,普生股份有限公司,"	47299918","_	47299918"
4118,友合生化科技股份有限公司,"	16592888","_	16592888"
4119,旭富製藥科技股份有限公司,"	22662545","_	22662545"
4120,友華生技醫藥股份有限公司,"	12397982","_	12397982"
4121,優盛醫學科技股份有限公司,"	23123644","_	23123644"
4123,晟德大藥廠股份有限公司,"	18606304","_	18606304"
4126,太平洋醫材股份有限公司,"	20765714","_	20765714"
4127,天良生物科技企業股份有限公司,"	85086859","_	85086859"
4128,中天生物科技股份有限公司,"	70555349","_	70555349"
4129,聯合骨科器材股份有限公司,"	22099982","_	22099982"
4130,健亞生物科技股份有限公司,"	84149006","_	84149006"
4131,晶宇生物科技實業股份有限公司,"	16680539","_	16680539"
4132,國鼎生物科技股份有限公司,"	80280616","_	80280616"
4133,亞諾法生技股份有限公司,"	12974421","_	12974421"
4135,天賜爾生物科技股份有限公司,"	16725493","_	16725493"
4136,英屬開曼太和生技集團股份有限公司,"	43172002","_	43172002"
4137,麗豐股份有限公司,"	38488868","_	38488868"
4138,曜亞國際股份有限公司,"	80527809","_	80527809"
4139,馬光保健控股股份有限公司,"	28993894","_	28993894"
4141,龍燈環球農業科技股份有限公司,"	28999969","_	28999969"
4142,國光生物科技股份有限公司,"	33259508","_	33259508"
4144,康聯控股有限公司,"	26379324","_	26379324"
4147,中裕新藥股份有限公司,"	28707338","_	28707338"
4148,全宇生技控股有限公司,"	42527358","_	42527358"
4150,優你康光學股份有限公司,"	86723722","_	86723722"
4151,明躍國際健康科技股份有限公司,"	70527203","_	70527203"
4152,台灣微脂體股份有限公司,"	16176150","_	16176150"
4153,鈺緯科技開發股份有限公司,"	89376900","_	89376900"
4154,康樂股份有限公司,"	26330076","_	26330076"
4155,訊映光電股份有限公司,"	27453928","_	27453928"
4157,太景醫藥研發控股股份有限公司,"	31982484","_	31982484"
4160,創源生物科技股份有限公司,"	24268870","_	24268870"
4161,聿新生物科技股份有限公司,"	16930971","_	16930971"
4162,智擎生技製藥股份有限公司,"	80264691","_	80264691"
4163,鐿鈦科技股份有限公司,"	27473348","_	27473348"
4164,承業生醫投資控股股份有限公司,"	24483414","_	24483414"
4166,友霖生技醫藥股份有限公司,"	28924399","_	28924399"
4167,展旺生命科技股份有限公司,"	80642673","_	80642673"
4168,台灣醣聯生技醫藥股份有限公司,"	12683520","_	12683520"
4169,泰宗生物科技股份有限公司,"	16307131","_	16307131"
4170,鑫品生醫科技股份有限公司,"	27545820","_	27545820"
4171,瑞基海洋生物科技股份有限公司,"	27489806","_	27489806"
4172,因華生技製藥股份有限公司,"	27964549","_	27964549"
4173,久裕企業股份有限公司,"	05071926","_	05071926"
4174,台灣浩鼎生技股份有限公司,"	13110677","_	13110677"
4175,杏一醫療用品股份有限公司,"	86649006","_	86649006"
4177,柏登生醫股份有限公司,"	28676378","_	28676378"
4183,福永生物科技股份有限公司,"	80064027","_	80064027"
4184,昕琦科技股份有限公司,"	70354764","_	70354764"
4186,台灣尖端先進生技醫藥股份有限公司,"	70774029","_	70774029"
4188,安克生醫股份有限公司,"	24316471","_	24316471"
4189,膠原科技股份有限公司,"	80666442","_	80666442"
4190,佐登妮絲集團股份有限公司,"	47423851","_	47423851"
4191,法德生技藥品股份有限公司,"	28853599","_	28853599"
4192,杏國新藥股份有限公司,"	29118865","_	29118865"
4193,喬本生醫股份有限公司,"	29184631","_	29184631"
4194,禾伸堂生技股份有限公司,"	12681706","_	12681706"
4195,基龍米克斯生物科技股份有限公司,"	12953452","_	12953452"
4197,暐世生物科技股份有限公司,"	28031449","_	28031449"
4198,環瑞醫投資控股股份有限公司,"	54154754","_	54154754"
4205,中華食品實業股份有限公司,"	76316325","_	76316325"
4207,環泰企業股份有限公司,"	12529007","_	12529007"
4303,信立化學工業股份有限公司,"	72104709","_	72104709"
4304,勝昱科技股份有限公司,"	12413104","_	12413104"
4305,世坤塑膠股份有限公司,"	22281617","_	22281617"
4306,炎洲股份有限公司,"	35894259","_	35894259"
4401,東隆興業股份有限公司,"	18770509","_	18770509"
4402,福大材料科技股份有限公司,"	56349214","_	56349214"
4406,新昕纖維股份有限公司,"	07652202","_	07652202"
4413,飛寶企業股份有限公司,"	22676914","_	22676914"
4414,如興股份有限公司,"	49744324","_	49744324"
4415,台原藥股份有限公司,"	07729080","_	07729080"
4416,三圓建設股份有限公司,"	07648290","_	07648290"
4417,金洲海洋科技股份有限公司,"	91871595","_	91871595"
4419,元勝國際實業股份有限公司,"	86124493","_	86124493"
4420,光明絲織廠股份有限公司,"	29576307","_	29576307"
4426,利勤實業股份有限公司,"	16229261","_	16229261"
4427,展頌股份有限公司,"	22927617","_	22927617"
4429,聚紡股份有限公司,"	16728098","_	16728098"
4430,耀億工業股份有限公司,"	59021804","_	59021804"
4431,敏成股份有限公司,"	23883150","_	23883150"
4432,銘旺實業股份有限公司,"	22069170","_	22069170"
4433,興采實業股份有限公司,"	23282425","_	23282425"
4438,廣越企業股份有限公司,"	89620361","_	89620361"
4440,宜新實業股份有限公司,"	54332940","_	54332940"
4502,健信科技工業股份有限公司,"	55878947","_	55878947"
4503,金雨企業股份有限公司,"	59260902","_	59260902"
4506,崇友實業股份有限公司,"	04416894","_	04416894"
4510,高鋒工業股份有限公司,"	55857746","_	55857746"
4513,福裕事業股份有限公司,"	55848584","_	55848584"
4523,永彰機電股份有限公司,"	22522361","_	22522361"
4526,東台精機股份有限公司,"	88120872","_	88120872"
4527,堃霖冷凍機械股份有限公司,"	22551554","_	22551554"
4528,江興鍛壓工業股份有限公司,"	52604255","_	52604255"
4529,淳紳股份有限公司,"	22662904","_	22662904"
4530,宏易創新國際股份有限公司,"	36243760","_	36243760"
4532,瑞智精密股份有限公司,"	23603284","_	23603284"
4533,協易機械工業股份有限公司,"	36096704","_	36096704"
4534,慶騰精密科技股份有限公司,"	84189908","_	84189908"
4535,至興精機股份有限公司,"	22794503","_	22794503"
4536,拓凱實業股份有限公司,"	52590175","_	52590175"
4537,旭東機械工業股份有限公司,"	56690647","_	56690647"
4538,大詠城機械股份有限公司,"	60256758","_	60256758"
4539,台灣智慧光網股份有限公司,"	53729177","_	53729177"
4540,全球傳動科技股份有限公司,"	29168533","_	29168533"
4541,晟田科技工業股份有限公司,"	86263092","_	86263092"
4542,科嶠工業股份有限公司,"	70730016","_	70730016"
4543,萬在工業股份有限公司,"	22212598","_	22212598"
4544,春日機械工業股份有限公司,"	85721346","_	85721346"
4545,銘鈺精密工業股份有限公司,"	12738623","_	12738623"
4546,長亨精密股份有限公司,"	22540430","_	22540430"
4547,主新德科技股份有限公司,"	52212217","_	52212217"
4548,名超企業股份有限公司,"	20819325","_	20819325"
4549,桓達科技股份有限公司,"	80132123","_	80132123"
4550,長佳機電工程股份有限公司,"	84271478","_	84271478"
4551,智伸科技股份有限公司,"	22363342","_	22363342"
4552,力達控股有限公司,"	51016510","_	51016510"
4553,盛復工業股份有限公司,"	52757548","_	52757548"
4554,橙的電子股份有限公司,"	27601913","_	27601913"
4555,台灣氣立股份有限公司,"	22301178","_	22301178"
4556,旭然國際股份有限公司,"	01517102","_	01517102"
4557,永新控股股份有限公司,"	42323896","_	42323896"
4558,寶緯工業股份有限公司,"	23209895","_	23209895"
4559,久裕興業科技股份有限公司,"	55942764","_	55942764"
4560,強信機械科技股份有限公司,"	50721361","_	50721361"
4561,健椿工業股份有限公司,"	59362767","_	59362767"
4562,穎漢科技股份有限公司,"	28919500","_	28919500"
4563,百德機械股份有限公司,"	86195222","_	86195222"
4564,元翎精密工業股份有限公司,"	23019109","_	23019109"
4565,宏偉電機工業股份有限公司,"	35945095","_	35945095"
4566,時碩工業股份有限公司,"	24262159","_	24262159"
4568,科際精密股份有限公司,"	54705928","_	54705928"
4570,傑生工業股份有限公司,"	80012106","_	80012106"
4571,鈞興機電國際股份有限公司,"	85282254","_	85282254"
4572,駐龍精密機械股份有限公司,"	23830154","_	23830154"
4573,高明鐵企業股份有限公司,"	89338287","_	89338287"
4575,銓寶工業股份有限公司,"	97532545","_	97532545"
4576,大銀微系統股份有限公司,"	97413843","_	97413843"
4577,達航科技股份有限公司,"	86078580","_	86078580"
4578,總格精密股份有限公司,"	23903228","_	23903228"
4580,捷流閥業股份有限公司,"	15877936","_	15877936"
4582,聚恆科技股份有限公司,"	16452612","_	16452612"
4609,唐鋒實業股份有限公司,"	34097236","_	34097236"
4702,中美聯合實業股份有限公司,"	11121403","_	11121403"
4706,大恭化學工業股份有限公司,"	11051504","_	11051504"
4707,磐亞股份有限公司,"	05712099","_	05712099"
4711,永純化學工業股份有限公司,"	35108702","_	35108702"
4712,南璋股份有限公司,"	43696296","_	43696296"
4714,永捷創新科技股份有限公司,"	86123874","_	86123874"
4716,大立高分子工業股份有限公司,"	85004174","_	85004174"
4720,德淵企業股份有限公司,"	04465521","_	04465521"
4721,美琪瑪國際股份有限公司,"	86688957","_	86688957"
4722,國精化學股份有限公司,"	75975242","_	75975242"
4724,宣捷幹細胞生技股份有限公司,"	12685908","_	12685908"
4725,信昌化學工業股份有限公司,"	86120031","_	86120031"
4726,永昕生物醫藥股份有限公司,"	12905993","_	12905993"
4728,雙美生物科技股份有限公司,"	12744147","_	12744147"
4729,熒茂光學股份有限公司,"	27800048","_	27800048"
4730,通用矽酮股份有限公司,"	11846954","_	11846954"
4732,彥臣生技藥品股份有限公司,"	12676817","_	12676817"
4735,豪展醫療科技股份有限公司,"	96965874","_	96965874"
4736,泰博科技股份有限公司,"	16584326","_	16584326"
4737,華廣生技股份有限公司,"	80310225","_	80310225"
4738,尚志精密化學股份有限公司,"	12306385","_	12306385"
4739,康普材料科技股份有限公司,"	86757124","_	86757124"
4741,泓瀚科技股份有限公司,"	80627878","_	80627878"
4743,合一生技股份有限公司,"	29108260","_	29108260"
4744,皇將科技股份有限公司,"	80234971","_	80234971"
4745,合富醫療控股股份有限公司,"	09906168","_	09906168"
4746,台耀化學股份有限公司,"	96922622","_	96922622"
4747,強生化學製藥廠股份有限公司,"	35348007","_	35348007"
4752,聯超實業股份有限公司,"	89609149","_	89609149"
4754,國碳科技股份有限公司,"	16446422","_	16446422"
4755,三福化工股份有限公司,"	80170651","_	80170651"
4757,中華全球石油股份有限公司,"	27231503","_	27231503"
4760,勤凱科技股份有限公司,"	28732006","_	28732006"
4763,濟南大自然新材料股份有限公司,"	42328858","_	42328858"
4764,雙鍵化工股份有限公司,"	84754072","_	84754072"
4765,磐采股份有限公司,"	16705686","_	16705686"
4766,南寶樹脂化學工廠股份有限公司,"	74229304","_	74229304"
4767,誠泰工業科技股份有限公司,"	88744414","_	88744414"
4768,晶呈科技股份有限公司,"	53278617","_	53278617"
4769,謙華科技股份有限公司,"	28540056","_	28540056"
4803,威馳克媒體集團股份有限公司,"	54386656","_	54386656"
4804,大略國際控股有限公司,"	41244424","_	41244424"
4806,昇華娛樂傳播股份有限公司,"	70557661","_	70557661"
4807,日成控股股份有限公司,"	42485651","_	42485651"
4903,聯合光纖通信股份有限公司,"	21223267","_	21223267"
4904,遠傳電信股份有限公司,"	97179430","_	97179430"
4905,台聯電訊股份有限公司,"	23882531","_	23882531"
4906,正文科技股份有限公司,"	22960571","_	22960571"
4907,富宇地產股份有限公司,"	22099391","_	22099391"
4908,前鼎光電股份有限公司,"	16634613","_	16634613"
4909,新復興微波通訊股份有限公司,"	45163295","_	45163295"
4911,德英生物科技股份有限公司,"	80225425","_	80225425"
4912,聯德控股股份有限公司,"	26595630","_	26595630"
4915,致伸科技股份有限公司,"	28006928","_	28006928"
4916,事欣科技股份有限公司,"	13000192","_	13000192"
4919,新唐科技股份有限公司,"	28112646","_	28112646"
4920,尚芳國際興業股份有限公司,"	86665407","_	86665407"
4923,力士科技股份有限公司,"	28733011","_	28733011"
4924,欣厚科技股份有限公司,"	53025260","_	53025260"
4925,智微科技股份有限公司,"	12901841","_	12901841"
4927,泰鼎國際股份有限公司,"	54384828","_	54384828"
4930,燦星網通股份有限公司,"	28986660","_	28986660"
4931,新盛力科技股份有限公司,"	70848850","_	70848850"
4933,友輝光電股份有限公司,"	80660088","_	80660088"
4934,太極能源科技股份有限公司,"	28675574","_	28675574"
4935,茂林光電科技股份有限公司,"	26797925","_	26797925"
4938,和碩聯合科技股份有限公司,"	28689155","_	28689155"
4939,亞洲電材股份有限公司,"	80494173","_	80494173"
4942,嘉彰股份有限公司,"	22164527","_	22164527"
4943,開曼康而富控股股份有限公司,"	26320984","_	26320984"
4944,兆遠科技股份有限公司,"	12646223","_	12646223"
4945,陞達科技股份有限公司,"	70576858","_	70576858"
4946,紅心辣椒娛樂科技股份有限公司,"	28222209","_	28222209"
4947,昂寶電子股份有限公司,"	26326410","_	26326410"
4949,有成精密股份有限公司,"	80581850","_	80581850"
4950,牧東光電股份有限公司,"	24302624","_	24302624"
4951,精拓科技股份有限公司,"	80333472","_	80333472"
4952,凌通科技股份有限公司,"	80741441","_	80741441"
4953,緯創軟體股份有限公司,"	86714857","_	86714857"
4956,光鋐科技股份有限公司,"	28334226","_	28334226"
4958,臻鼎科技控股股份有限公司,"	26392564","_	26392564"
4960,誠美材料科技股份有限公司,"	27790294","_	27790294"
4961,天鈺科技股份有限公司,"	84149499","_	84149499"
4966,譜瑞科技股份有限公司,"	28422591","_	28422591"
4967,十銓科技股份有限公司,"	97418375","_	97418375"
4968,立積電子股份有限公司,"	80661880","_	80661880"
4971,英特磊科技股份有限公司,"	39954594","_	39954594"
4972,湯石照明科技股份有限公司,"	86831927","_	86831927"
4973,廣穎電通股份有限公司,"	80161908","_	80161908"
4974,亞泰影像科技股份有限公司,"	80640083","_	80640083"
4976,佳凌科技股份有限公司,"	70848492","_	70848492"
4977,眾達科技股份有限公司,"	31922986","_	31922986"
4979,華星光通科技股份有限公司,"	12927477","_	12927477"
4980,佐臻股份有限公司,"	97430202","_	97430202"
4981,可取國際股份有限公司,"	27976720","_	27976720"
4985,富相科技股份有限公司,"	23819587","_	23819587"
4987,科誠股份有限公司,"	84152965","_	84152965"
4989,李長榮科技股份有限公司,"	97173920","_	97173920"
4991,環宇通訊半導體控股股份有限公司,"	38612141","_	38612141"
4994,傳奇網路遊戲股份有限公司,"	12975809","_	12975809"
4995,晶達光電股份有限公司,"	70783202","_	70783202"
4999,鑫禾科技股份有限公司,"	13012009","_	13012009"
5007,三星科技股份有限公司,"	68040606","_	68040606"
5009,榮剛材料科技股份有限公司,"	84252697","_	84252697"
5011,久陽精密股份有限公司,"	07926511","_	07926511"
5013,強新工業股份有限公司,"	84703335","_	84703335"
5014,建錩實業股份有限公司,"	43912787","_	43912787"
5015,華祺工業股份有限公司,"	12494555","_	12494555"
5016,松和工業股份有限公司,"	85611896","_	85611896"
5102,富強輪胎工廠股份有限公司,"	59743302","_	59743302"
5201,凱衛資訊股份有限公司,"	21261212","_	21261212"
5202,力新國際科技股份有限公司,"	22645531","_	22645531"
5203,訊連科技股份有限公司,"	23829868","_	23829868"
5205,中茂能資系統整合科技股份有限公司,"	23533366","_	23533366"
5206,坤悅開發股份有限公司,"	04738240","_	04738240"
5209,新鼎系統股份有限公司,"	22619999","_	22619999"
5210,寶碩財務科技股份有限公司,"	23131763","_	23131763"
5211,蒙恬科技股份有限公司,"	86287778","_	86287778"
5212,凌網科技股份有限公司,"	16541333","_	16541333"
5213,亞昕國際開發股份有限公司,"	89961389","_	89961389"
5215,科嘉股份有限公司,"	31618486","_	31618486"
5216,台灣優燈股份有限公司,"	16772832","_	16772832"
5219,瑪居禮電波工業股份有限公司,"	04948484","_	04948484"
5220,萬達光電科技股份有限公司,"	80082329","_	80082329"
5222,全訊科技股份有限公司,"	16130296","_	16130296"
5223,安力國際股份有限公司,"	53000726","_	53000726"
5225,東科控股股份有限公司,"	37750975","_	37750975"
5227,蓋曼立凱電能科技股份有限公司,"	31604336","_	31604336"
5228,鈺鎧科技股份有限公司,"	86667046","_	86667046"
5230,雷笛克光學股份有限公司,"	28951775","_	28951775"
5233,有量科技股份有限公司,"	70498018","_	70498018"
5234,達興材料股份有限公司,"	28357108","_	28357108"
5236,凌陽創新科技股份有限公司,"	28112364","_	28112364"
5240,建騰創達科技股份有限公司,"	80503736","_	80503736"
5243,乙盛精密工業股份有限公司,"	01895435","_	01895435"
5244,弘凱光電股份有限公司,"	27877550","_	27877550"
5245,智晶光電股份有限公司,"	28023412","_	28023412"
5246,勵威電子股份有限公司,"	80086182","_	80086182"
5248,景傳光電股份有限公司,"	16834289","_	16834289"
5251,天鉞電子股份有限公司,"	86710851","_	86710851"
5254,欣訊科技股份有限公司,"	86731791","_	86731791"
5256,銳捷科技股份有限公司,"	27417352","_	27417352"
5258,虹堡科技股份有限公司,"	84188062","_	84188062"
5259,奕智博國際股份有限公司,"	86070530","_	86070530"
5260,見智科技股份有限公司,"	79983949","_	79983949"
5262,立達國際電子股份有限公司,"	25104761","_	25104761"
5263,智崴資訊科技股份有限公司,"	13158496","_	13158496"
5264,鎧勝控股有限公司,"	31912805","_	31912805"
5267,龍翩真空科技股份有限公司,"	27390847","_	27390847"
5268,新科光電材料股份有限公司,"	27366467","_	27366467"
5269,祥碩科技股份有限公司,"	80688184","_	80688184"
5271,紘通企業股份有限公司,"	16576851","_	16576851"
5272,笙科電子股份有限公司,"	27952369","_	27952369"
5274,信驊科技股份有限公司,"	27490748","_	27490748"
5276,達輝股份有限公司,"	38547064","_	38547064"
5277,葳天科技股份有限公司,"	27473918","_	27473918"
5278,尚凡國際創新科技股份有限公司,"	80283629","_	80283629"
5281,大峽谷半導體照明系統股份有限公司,"	54398554","_	54398554"
5283,禾聯碩股份有限公司,"	80333058","_	80333058"
5284,經寶精密控股股份有限公司,"	41173259","_	41173259"
5285,界霖科技股份有限公司,"	12636560","_	12636560"
5286,育駿科技股份有限公司,"	24341485","_	24341485"
5287,數字科技股份有限公司,"	28466605","_	28466605"
5288,開曼商豐祥控股股份有限公司,"	38582821","_	38582821"
5289,宜鼎國際股份有限公司,"	27565769","_	27565769"
5291,邑昇實業股份有限公司,"	84808400","_	84808400"
5294,鋒霖科技股份有限公司,"	28078788","_	28078788"
5295,懷藝精密科技股份有限公司,"	69810321","_	69810321"
5297,廣化科技股份有限公司,"	16436867","_	16436867"
5298,合盈光電科技股份有限公司,"	12910264","_	12910264"
5299,杰力科技股份有限公司,"	28935446","_	28935446"
5301,寶得利國際股份有限公司,"	30866141","_	30866141"
5302,太欣半導體股份有限公司,"	47255828","_	47255828"
5304,鼎創達股份有限公司,"	04679663","_	04679663"
5305,敦南科技股份有限公司,"	23528103","_	23528103"
5306,桂盟國際股份有限公司,"	22099483","_	22099483"
5309,系統電子工業股份有限公司,"	20768310","_	20768310"
5310,天剛資訊股份有限公司,"	23534251","_	23534251"
5312,寶島光學科技股份有限公司,"	23530966","_	23530966"
5314,世紀民生科技股份有限公司,"	22099815","_	22099815"
5315,光聯科技股份有限公司,"	22100405","_	22100405"
5321,友銓電子股份有限公司,"	44043132","_	44043132"
5324,士林開發股份有限公司,"	05147030","_	05147030"
5328,華容股份有限公司,"	76409479","_	76409479"
5340,建榮工業材料股份有限公司,"	86691377","_	86691377"
5344,立衛科技股份有限公司,"	22099316","_	22099316"
5345,天揚精密科技股份有限公司,"	23827860","_	23827860"
5346,力晶科技股份有限公司,"	84149385","_	84149385"
5347,世界先進積體電路股份有限公司,"	84149358","_	84149358"
5348,系通科技股份有限公司,"	22099673","_	22099673"
5349,先豐通訊股份有限公司,"	22554807","_	22554807"
5351,鈺創科技股份有限公司,"	22099694","_	22099694"
5353,台林電通股份有限公司,"	12278439","_	12278439"
5355,佳總興業股份有限公司,"	23063420","_	23063420"
5356,協益電子股份有限公司,"	35229109","_	35229109"
5364,力麗觀光開發股份有限公司,"	23615486","_	23615486"
5371,中強光電股份有限公司,"	22099907","_	22099907"
5381,合正科技股份有限公司,"	86332422","_	86332422"
5383,金利精密工業股份有限公司,"	35317291","_	35317291"
5386,青雲國際科技股份有限公司,"	21224842","_	21224842"
5387,茂德科技股份有限公司,"	84149809","_	84149809"
5388,中磊電子股份有限公司,"	86690573","_	86690573"
5392,應華精密科技股份有限公司,"	84901089","_	84901089"
5398,慕康生技醫藥股份有限公司,"	04669623","_	04669623"
5403,中菲電腦股份有限公司,"	12358067","_	12358067"
5410,國眾電腦股份有限公司,"	01517124","_	01517124"
5425,台灣半導體股份有限公司,"	34286449","_	34286449"
5426,振發實業股份有限公司,"	35320697","_	35320697"
5432,達威光電股份有限公司,"	23746488","_	23746488"
5434,崇越科技股份有限公司,"	23621614","_	23621614"
5438,東友科技股份有限公司,"	16091527","_	16091527"
5439,高技企業股份有限公司,"	22773079","_	22773079"
5443,均豪精密工業股份有限公司,"	33838628","_	33838628"
5450,寶聯通綠能科技股份有限公司,"	23438530","_	23438530"
5452,佶優科技股份有限公司,"	86266274","_	86266274"
5455,昇益開發股份有限公司,"	86233176","_	86233176"
5457,宣德科技股份有限公司,"	23866949","_	23866949"
5460,同協電子股份有限公司,"	33701355","_	33701355"
5464,霖宏科技股份有限公司,"	89396770","_	89396770"
5465,富驊企業股份有限公司,"	36270626","_	36270626"
5468,凱鈺科技股份有限公司,"	84149245","_	84149245"
5469,瀚宇博德股份有限公司,"	23225071","_	23225071"
5471,松翰科技股份有限公司,"	97063584","_	97063584"
5474,聰泰科技開發股份有限公司,"	23902678","_	23902678"
5475,德宏工業股份有限公司,"	97178087","_	97178087"
5478,智冠科技股份有限公司,"	81231585","_	81231585"
5481,新華泰富股份有限公司,"	23790625","_	23790625"
5483,中美矽晶製品股份有限公司,"	47238650","_	47238650"
5484,慧友電子股份有限公司,"	89639615","_	89639615"
5487,通泰積體電路股份有限公司,"	22321575","_	22321575"
5488,松普科技股份有限公司,"	43900488","_	43900488"
5489,彩富電子股份有限公司,"	86157450","_	86157450"
5490,同亨科技股份有限公司,"	84149929","_	84149929"
5493,三聯科技股份有限公司,"	03051501","_	03051501"
5498,凱崴電子股份有限公司,"	97326828","_	97326828"
5508,永信建設開發股份有限公司,"	22417810","_	22417810"
5511,德昌營造股份有限公司,"	22132814","_	22132814"
5512,力麒建設股份有限公司,"	86690644","_	86690644"
5514,三豐建設股份有限公司,"	22817225","_	22817225"
5515,建國工程股份有限公司,"	46298200","_	46298200"
5516,雙喜營造股份有限公司,"	47254476","_	47254476"
5519,隆大營建事業股份有限公司,"	85898033","_	85898033"
5520,力泰建設企業股份有限公司,"	66410981","_	66410981"
5521,工信工程股份有限公司,"	03028404","_	03028404"
5522,遠雄建設事業股份有限公司,"	04673318","_	04673318"
5523,豐謙建設股份有限公司,"	66629349","_	66629349"
5525,順天建設股份有限公司,"	22764965","_	22764965"
5529,志嘉建設股份有限公司,"	58250510","_	58250510"
5530,龍巖股份有限公司,"	22415496","_	22415496"
5531,鄉林建設事業股份有限公司,"	23641822","_	23641822"
5533,皇鼎建設開發股份有限公司,"	23988653","_	23988653"
5534,長虹建設股份有限公司,"	04633597","_	04633597"
5536,聖暉工程科技股份有限公司,"	52524653","_	52524653"
5538,開曼東明控股股份有限公司,"	02769941","_	02769941"
5541,廣朋實業股份有限公司,"	80665204","_	80665204"
5543,崇佑股份有限公司,"	28994275","_	28994275"
5601,臺聯貨櫃通運股份有限公司,"	00701122","_	00701122"
5603,陸海股份有限公司,"	04927158","_	04927158"
5604,中連汽車貨運股份有限公司,"	51125209","_	51125209"
5607,遠雄自貿港投資控股股份有限公司,"	86121030","_	86121030"
5608,四維航業股份有限公司,"	12551801","_	12551801"
5609,中菲行國際物流股份有限公司,"	01176152","_	01176152"
5701,劍湖山世界股份有限公司,"	22265047","_	22265047"
5703,亞都麗緻大飯店股份有限公司,"	12144501","_	12144501"
5704,知本老爺大酒店股份有限公司,"	23637974","_	23637974"
5706,鳳凰國際旅行社股份有限公司,"	11322915","_	11322915"
5820,日盛金融控股股份有限公司,"	70796826","_	70796826"
5827,華泰商業銀行股份有限公司,"	16831570","_	16831570"
5828,富邦產物保險股份有限公司,"	70826461","_	70826461"
5830,三信商業銀行股份有限公司,"	16832487","_	16832487"
5831,新光人壽保險股份有限公司,"	03458902","_	03458902"
5833,元大證券金融股份有限公司,"	05067113","_	05067113"
5834,兆豐產物保險股份有限公司,"	03090217","_	03090217"
5835,國泰世華商業銀行股份有限公司,"	04231910","_	04231910"
5836,台北富邦商業銀行股份有限公司,"	03750168","_	03750168"
5838,華南商業銀行股份有限公司,"	03742301","_	03742301"
5839,中華開發資本股份有限公司,"	11147207","_	11147207"
5840,國際票券金融股份有限公司,"	12100285","_	12100285"
5841,中國信託商業銀行股份有限公司,"	03077208","_	03077208"
5842,兆豐票券金融股份有限公司,"	14067826","_	14067826"
5843,兆豐國際商業銀行股份有限公司,"	03705903","_	03705903"
5844,第一商業銀行股份有限公司,"	05052322","_	05052322"
5846,國泰人壽保險股份有限公司,"	03374707","_	03374707"
5847,玉山商業銀行股份有限公司,"	86517510","_	86517510"
5848,台新國際商業銀行股份有限公司,"	86519539","_	86519539"
5849,永豐商業銀行股份有限公司,"	86517384","_	86517384"
5850,日盛國際商業銀行股份有限公司,"	86521704","_	86521704"
5852,元大商業銀行股份有限公司,"	86517315","_	86517315"
5854,合作金庫商業銀行股份有限公司,"	70799128","_	70799128"
5857,臺灣土地銀行股份有限公司,"	03700301","_	03700301"
5858,臺灣銀行股份有限公司,"	03557311","_	03557311"
5859,遠雄人壽保險事業股份有限公司,"	84703052","_	84703052"
5862,板信商業銀行股份有限公司,"	16093877","_	16093877"
5863,瑞興商業銀行股份有限公司,"	28417921","_	28417921"
5864,致和證券股份有限公司,"	23530683","_	23530683"
5865,富邦人壽保險股份有限公司,"	27935073","_	27935073"
5866,統一期貨股份有限公司,"	84310042","_	84310042"
5867,康和期貨股份有限公司,"	16848544","_	16848544"
5868,臺灣金融控股股份有限公司,"	28428379","_	28428379"
5870,花旗商業銀行股份有限公司,"	28421312","_	28421312"
5871,中租控股股份有限公司,"	26389569","_	26389569"
5872,匯豐商業銀行股份有限公司,"	28990720","_	28990720"
5873,全球人壽保險股份有限公司,"	70817744","_	70817744"
5874,南山人壽保險股份有限公司,"	11456006","_	11456006"
5875,星展商業銀行股份有限公司,"	53017509","_	53017509"
5876,上海商業儲蓄銀行股份有限公司,"	03036306","_	03036306"
5878,台名保險經紀人股份有限公司,"	80287239","_	80287239"
5880,合作金庫金融控股股份有限公司,"	53021433","_	53021433"
5901,中友百貨股份有限公司,"	23824097","_	23824097"
5902,德記洋行股份有限公司,"	22358925","_	22358925"
5903,全家便利商店股份有限公司,"	23060248","_	23060248"
5904,寶雅國際股份有限公司,"	97151664","_	97151664"
5905,南仁湖育樂股份有限公司,"	23524280","_	23524280"
5906,台南企業股份有限公司,"	36855058","_	36855058"
5907,大洋百貨集團控股股份有限公司,"	53013068","_	53013068"
6005,群益金鼎證券股份有限公司,"	22956035","_	22956035"
6008,凱基證券股份有限公司,"	23111915","_	23111915"
6015,宏遠證券股份有限公司,"	03027502","_	03027502"
6016,康和綜合證券股份有限公司,"	23824511","_	23824511"
6020,大展證券股份有限公司,"	22955802","_	22955802"
6021,大慶證券股份有限公司,"	22957098","_	22957098"
6023,元大期貨股份有限公司,"	97179282","_	97179282"
6024,群益期貨股份有限公司,"	97176335","_	97176335"
6025,臺銀人壽保險股份有限公司,"	28428384","_	28428384"
6026,福邦證券股份有限公司,"	23471214","_	23471214"
6027,德信綜合證券股份有限公司,"	23470432","_	23470432"
6028,公勝保險經紀人股份有限公司,"	84200994","_	84200994"
6101,寬魚國際股份有限公司,"	23466893","_	23466893"
6103,合邦電子股份有限公司,"	84149569","_	84149569"
6104,創惟科技股份有限公司,"	97435451","_	97435451"
6108,競國實業股份有限公司,"	36084833","_	36084833"
6109,亞元科技股份有限公司,"	23727428","_	23727428"
6111,大宇資訊股份有限公司,"	16612907","_	16612907"
6112,聚碩科技股份有限公司,"	16428796","_	16428796"
6113,亞矽科技股份有限公司,"	22033899","_	22033899"
6114,久威國際股份有限公司,"	43880075","_	43880075"
6115,鎰勝工業股份有限公司,"	22304288","_	22304288"
6116,瀚宇彩晶股份有限公司,"	16450500","_	16450500"
6117,迎廣科技股份有限公司,"	09497109","_	09497109"
6118,建達國際股份有限公司,"	89621848","_	89621848"
6120,達運精密工業股份有限公司,"	23504361","_	23504361"
6121,新普科技股份有限公司,"	86620351","_	86620351"
6122,擎邦國際科技工程股份有限公司,"	05114306","_	05114306"
6123,上奇科技股份有限公司,"	86162989","_	86162989"
6124,業強科技股份有限公司,"	84900878","_	84900878"
6125,廣運機械工程股份有限公司,"	04757891","_	04757891"
6126,信音企業股份有限公司,"	47122187","_	47122187"
6127,九豪精密陶瓷股份有限公司,"	86412635","_	86412635"
6128,上福全球科技股份有限公司,"	56625344","_	56625344"
6129,普誠科技股份有限公司,"	22050539","_	22050539"
6130,星寶國際股份有限公司,"	84659035","_	84659035"
6131,鈞泰國際股份有限公司,"	86664884","_	86664884"
6133,金橋科技股份有限公司,"	04865462","_	04865462"
6134,萬旭電業股份有限公司,"	22522622","_	22522622"
6136,富爾特科技股份有限公司,"	86616791","_	86616791"
6138,茂達電子股份有限公司,"	16252902","_	16252902"
6139,亞翔工程股份有限公司,"	12204275","_	12204275"
6140,訊達電腦股份有限公司,"	30990747","_	30990747"
6141,柏承科技股份有限公司,"	23750095","_	23750095"
6142,友勁科技股份有限公司,"	22099744","_	22099744"
6143,振曜科技股份有限公司,"	16084080","_	16084080"
6144,得利影視股份有限公司,"	89398566","_	89398566"
6146,耕興股份有限公司,"	97491093","_	97491093"
6147,頎邦科技股份有限公司,"	16130009","_	16130009"
6148,驊宏資通股份有限公司,"	86468118","_	86468118"
6150,撼訊科技股份有限公司,"	16238655","_	16238655"
6151,晉倫科技股份有限公司,"	12390496","_	12390496"
6152,百一電子股份有限公司,"	89549585","_	89549585"
6153,嘉聯益科技股份有限公司,"	86980046","_	86980046"
6154,順發電腦股份有限公司,"	89743949","_	89743949"
6155,鈞寶電子工業股份有限公司,"	22306130","_	22306130"
6156,松上電子股份有限公司,"	22944019","_	22944019"
6158,禾昌興業股份有限公司,"	22006020","_	22006020"
6160,欣技資訊股份有限公司,"	23058518","_	23058518"
6161,捷波資訊股份有限公司,"	22178466","_	22178466"
6163,華電聯網股份有限公司,"	84778623","_	84778623"
6164,華興電子工業股份有限公司,"	34168978","_	34168978"
6165,捷泰精密工業股份有限公司,"	04386575","_	04386575"
6166,凌華科技股份有限公司,"	89593343","_	89593343"
6167,久正光電股份有限公司,"	22100566","_	22100566"
6168,宏齊科技股份有限公司,"	89358419","_	89358419"
6169,昱泉國際股份有限公司,"	23296194","_	23296194"
6170,統振股份有限公司,"	12135600","_	12135600"
6171,台灣亞銳士股份有限公司,"	89596101","_	89596101"
6172,互億科技股份有限公司,"	16144475","_	16144475"
6173,信昌電子陶瓷股份有限公司,"	23641338","_	23641338"
6174,安碁科技股份有限公司,"	22100469","_	22100469"
6175,立敦科技股份有限公司,"	84607396","_	84607396"
6176,瑞儀光電股份有限公司,"	22101208","_	22101208"
6177,達麗建設事業股份有限公司,"	04477420","_	04477420"
6179,亞通利大能源股份有限公司,"	89491275","_	89491275"
6180,遊戲橘子數位科技股份有限公司,"	89550029","_	89550029"
6182,合晶科技股份有限公司,"	16138282","_	16138282"
6183,關貿網路股份有限公司,"	97162640","_	97162640"
6184,大豐有線電視股份有限公司,"	96974228","_	96974228"
6185,幃翔精密股份有限公司,"	22906009","_	22906009"
6186,新潤興業股份有限公司,"	16318881","_	16318881"
6187,萬潤科技股份有限公司,"	97015768","_	97015768"
6188,廣明光電股份有限公司,"	16836218","_	16836218"
6189,豐藝電子股份有限公司,"	22151585","_	22151585"
6190,萬泰科技股份有限公司,"	04674153","_	04674153"
6191,精成科技股份有限公司,"	81069921","_	81069921"
6192,巨路國際股份有限公司,"	14033663","_	14033663"
6194,育富電子股份有限公司,"	45082694","_	45082694"
6195,詩肯股份有限公司,"	89403884","_	89403884"
6196,帆宣系統科技股份有限公司,"	23145632","_	23145632"
6197,佳必琪國際股份有限公司,"	86701804","_	86701804"
6198,凌泰科技股份有限公司,"	16759177","_	16759177"
6199,天品聯合企業股份有限公司,"	84228281","_	84228281"
6201,亞弘電科技股份有限公司,"	73710056","_	73710056"
6202,盛群半導體股份有限公司,"	16130330","_	16130330"
6203,海韻電子工業股份有限公司,"	04329168","_	04329168"
6204,台灣艾華電子工業股份有限公司,"	43408984","_	43408984"
6205,詮欣股份有限公司,"	22115625","_	22115625"
6206,飛捷科技股份有限公司,"	21230513","_	21230513"
6207,雷科股份有限公司,"	22837088","_	22837088"
6208,日揚科技股份有限公司,"	16101031","_	16101031"
6209,今國光學工業股份有限公司,"	56654500","_	56654500"
6210,慶生電子股份有限公司,"	45190379","_	45190379"
6212,理銘開發股份有限公司,"	07611076","_	07611076"
6213,聯茂電子股份有限公司,"	97179403","_	97179403"
6214,精誠資訊股份有限公司,"	97311466","_	97311466"
6215,和椿科技股份有限公司,"	12304443","_	12304443"
6216,居易科技股份有限公司,"	16242320","_	16242320"
6217,中國探針股份有限公司,"	22059031","_	22059031"
6218,豪勉科技股份有限公司,"	12223097","_	12223097"
6219,富旺國際開發股份有限公司,"	97447647","_	97447647"
6220,岳豐科技股份有限公司,"	45911735","_	45911735"
6221,晉泰科技股份有限公司,"	84981323","_	84981323"
6222,上揚科技股份有限公司,"	22182927","_	22182927"
6223,旺矽科技股份有限公司,"	89647050","_	89647050"
6224,聚鼎科技股份有限公司,"	16433242","_	16433242"
6225,天瀚科技股份有限公司,"	16253228","_	16253228"
6226,光鼎電子股份有限公司,"	22601800","_	22601800"
6227,茂綸股份有限公司,"	20811962","_	20811962"
6228,全譜科技股份有限公司,"	84560006","_	84560006"
6229,研通科技股份有限公司,"	86491265","_	86491265"
6230,超眾科技股份有限公司,"	34005476","_	34005476"
6231,系微股份有限公司,"	16627697","_	16627697"
6233,旺玖科技股份有限公司,"	16177572","_	16177572"
6234,高僑自動化科技股份有限公司,"	23712277","_	23712277"
6235,華孚科技股份有限公司,"	35383165","_	35383165"
6236,康呈生醫科技股份有限公司,"	16094290","_	16094290"
6237,驊訊電子企業股份有限公司,"	86315535","_	86315535"
6238,勝麗國際股份有限公司,"	86126696","_	86126696"
6239,力成科技股份有限公司,"	16082267","_	16082267"
6240,松崗數位文創股份有限公司,"	97446128","_	97446128"
6241,易通展科技股份有限公司,"	86504769","_	86504769"
6242,立康生醫事業股份有限公司,"	12549828","_	12549828"
6243,迅杰科技股份有限公司,"	16505809","_	16505809"
6244,茂迪股份有限公司,"	20889546","_	20889546"
6245,立端科技股份有限公司,"	22327466","_	22327466"
6246,臺龍電子股份有限公司,"	12386388","_	12386388"
6247,淇譽電子科技股份有限公司,"	34395565","_	34395565"
6248,沛波鋼鐵股份有限公司,"	38432767","_	38432767"
6251,定穎電子股份有限公司,"	22993144","_	22993144"
6257,矽格股份有限公司,"	23218022","_	23218022"
6259,百徽股份有限公司,"	84497335","_	84497335"
6261,久元電子股份有限公司,"	86244737","_	86244737"
6263,普萊德科技股份有限公司,"	84117341","_	84117341"
6264,富裔實業股份有限公司,"	97477509","_	97477509"
6265,方土昶股份有限公司,"	16436439","_	16436439"
6266,泰詠電子股份有限公司,"	23576977","_	23576977"
6269,台郡科技股份有限公司,"	16347324","_	16347324"
6270,倍微科技股份有限公司,"	86882278","_	86882278"
6271,同欣電子工業股份有限公司,"	04226986","_	04226986"
6272,驊陞科技股份有限公司,"	23610975","_	23610975"
6274,台燿科技股份有限公司,"	04226091","_	04226091"
6275,元山科技工業股份有限公司,"	22264722","_	22264722"
6276,安鈦克科技股份有限公司,"	34235759","_	34235759"
6277,宏正自動科技股份有限公司,"	12403422","_	12403422"
6278,台灣表面黏著科技股份有限公司,"	23722471","_	23722471"
6279,胡連精密股份有限公司,"	20759430","_	20759430"
6281,全國電子股份有限公司,"	22006252","_	22006252"
6282,康舒科技股份有限公司,"	12341051","_	12341051"
6283,淳安電子股份有限公司,"	89827686","_	89827686"
6284,佳邦科技股份有限公司,"	16599215","_	16599215"
6285,啟碁科技股份有限公司,"	97331723","_	97331723"
6287,元隆電子股份有限公司,"	22099174","_	22099174"
6288,聯嘉光電股份有限公司,"	89396315","_	89396315"
6289,華上光電股份有限公司,"	16743865","_	16743865"
6290,良維科技股份有限公司,"	11298247","_	11298247"
6291,沛亨半導體股份有限公司,"	86541238","_	86541238"
6292,迅德興業股份有限公司,"	22133530","_	22133530"
6294,智基科技開發股份有限公司,"	97306837","_	97306837"
6403,群登科技股份有限公司,"	24399520","_	24399520"
6404,中國通訊多媒體集團股份有限公司,"	53661269","_	53661269"
6405,悅城科技股份有限公司,"	27340208","_	27340208"
6407,相互股份有限公司,"	23810592","_	23810592"
6409,旭隼科技股份有限公司,"	28865032","_	28865032"
6411,晶焱科技股份有限公司,"	28081989","_	28081989"
6412,群光電能科技股份有限公司,"	24284436","_	24284436"
6414,樺漢科技股份有限公司,"	70380046","_	70380046"
6415,矽力杰股份有限公司,"	02906023","_	02906023"
6416,瑞祺電通股份有限公司,"	28488592","_	28488592"
6417,韋僑科技股份有限公司,"	16877131","_	16877131"
6418,詠昇電子股份有限公司,"	22774892","_	22774892"
6419,京晨科技股份有限公司,"	28212547","_	28212547"
6420,巨擘先進股份有限公司,"	16901646","_	16901646"
6423,億而得微電子股份有限公司,"	12894399","_	12894399"
6425,易發精機股份有限公司,"	22994919","_	22994919"
6426,統新光訊股份有限公司,"	13111161","_	13111161"
6427,弘勝光電股份有限公司,"	24223570","_	24223570"
6428,台灣淘米科技股份有限公司,"	24482647","_	24482647"
6431,光麗光電科技股份有限公司,"	41181265","_	41181265"
6432,今展科技股份有限公司,"	12688172","_	12688172"
6434,達輝光電股份有限公司,"	28230046","_	28230046"
6435,大中積體電路股份有限公司,"	28112723","_	28112723"
6438,迅得機械股份有限公司,"	70753397","_	70753397"
6441,廣錠科技股份有限公司,"	53562649","_	53562649"
6442,光紅建聖股份有限公司,"	97119975","_	97119975"
6443,元晶太陽能科技股份有限公司,"	28997300","_	28997300"
6444,寶德電化材科技股份有限公司,"	53100892","_	53100892"
6445,經絡動力醫學股份有限公司,"	27533161","_	27533161"
6446,藥華醫藥股份有限公司,"	70557655","_	70557655"
6449,鈺邦科技股份有限公司,"	28064644","_	28064644"
6451,訊芯科技控股股份有限公司,"	38649225","_	38649225"
6452,康友製藥控股有限公司,"	54395965","_	54395965"
6456,業成控股股份有限公司,"	41420316","_	41420316"
6457,紘康科技股份有限公司,"	28751690","_	28751690"
6461,益得生物科技股份有限公司,"	53104031","_	53104031"
6462,神盾股份有限公司,"	28835517","_	28835517"
6464,台灣數位光訊科技股份有限公司,"	28371951","_	28371951"
6465,威潤科技股份有限公司,"	24497254","_	24497254"
6468,網石棒辣椒股份有限公司,"	53918472","_	53918472"
6469,大樹醫藥股份有限公司,"	12803476","_	12803476"
6470,宇智網通股份有限公司,"	27375986","_	27375986"
6472,保瑞藥業股份有限公司,"	28684877","_	28684877"
6473,好玩家股份有限公司,"	29150415","_	29150415"
6474,華豫寧股份有限公司,"	84094369","_	84094369"
6475,岱煒科技股份有限公司,"	12943883","_	12943883"
6477,安集科技股份有限公司,"	28580346","_	28580346"
6479,瑞寶基因股份有限公司,"	28861633","_	28861633"
6482,弘煜科技事業股份有限公司,"	25064206","_	25064206"
6483,原創生醫股份有限公司,"	29184891","_	29184891"
6484,惠合再生醫學生技股份有限公司,"	24405425","_	24405425"
6485,點序科技股份有限公司,"	28927852","_	28927852"
6486,互動國際數位股份有限公司,"	80192260","_	80192260"
6488,環球晶圓股份有限公司,"	28113286","_	28113286"
6490,凌昇能源科技股份有限公司,"	53307514","_	53307514"
6491,晶碩光學股份有限公司,"	25021158","_	25021158"
6492,生華生物科技股份有限公司,"	54021973","_	54021973"
6493,雷虎生技股份有限公司,"	53835304","_	53835304"
6494,九齊科技股份有限公司,"	28509490","_	28509490"
6495,英屬開曼群島商納諾股份有限公司,"	42463592","_	42463592"
6496,科懋生物科技股份有限公司,"	23024594","_	23024594"
6497,亞獅康股份有限公司,"	42484421","_	42484421"
6498,久禾光電股份有限公司,"	80579685","_	80579685"
6499,益安生醫股份有限公司,"	54150856","_	54150856"
6504,南六企業股份有限公司,"	75989858","_	75989858"
6505,台塑石化股份有限公司,"	86522210","_	86522210"
6506,邦實業股份有限公司,"	23531297","_	23531297"
6508,惠光股份有限公司,"	69546202","_	69546202"
6509,聚和國際股份有限公司,"	04243562","_	04243562"
6510,中華精測科技股份有限公司,"	27879121","_	27879121"
6511,綠晁科技股份有限公司,"	25154972","_	25154972"
6512,啟發電子股份有限公司,"	28133327","_	28133327"
6514,芮特科技股份有限公司,"	42332136","_	42332136"
6515,穎崴科技股份有限公司,"	13145774","_	13145774"
6516,勤崴國際科技股份有限公司,"	28835663","_	28835663"
6517,保勝光學股份有限公司,"	55174031","_	55174031"
6518,康科特股份有限公司,"	25029519","_	25029519"
6520,臺灣動藥國際股份有限公司,"	53742349","_	53742349"
6523,達爾膚生醫科技股份有限公司,"	80167706","_	80167706"
6525,捷敏股份有限公司,"	49791260","_	49791260"
6527,明達醫學科技股份有限公司,"	25057697","_	25057697"
6529,研鼎智能股份有限公司,"	29044837","_	29044837"
6530,創威光電股份有限公司,"	13067290","_	13067290"
6531,愛普科技股份有限公司,"	53503847","_	53503847"
6532,瑞耘科技股份有限公司,"	16394917","_	16394917"
6533,晶心科技股份有限公司,"	27638046","_	27638046"
6534,正瀚生技股份有限公司,"	54313303","_	54313303"
6535,順天醫藥生技股份有限公司,"	12663974","_	12663974"
6536,碩豐數位科技股份有限公司,"	24231494","_	24231494"
6538,倉和股份有限公司,"	84819223","_	84819223"
6539,翔宇生醫科技股份有限公司,"	53350764","_	53350764"
6541,泰福生技股份有限公司,"	24797816","_	24797816"
6542,隆中網絡股份有限公司,"	53114404","_	53114404"
6543,普惠醫工股份有限公司,"	23243578","_	23243578"
6545,擎力科技股份有限公司,"	80661122","_	80661122"
6547,高端疫苗生物製劑股份有限公司,"	53943057","_	53943057"
6548,長華科技股份有限公司,"	70849957","_	70849957"
6549,景凱生物科技股份有限公司,"	53394159","_	53394159"
6550,北極星藥業集團股份有限公司,"	24792045","_	24792045"
6552,易華電子股份有限公司,"	76025826","_	76025826"
6553,豐華生物科技股份有限公司,"	29048989","_	29048989"
6555,榮炭科技股份有限公司,"	24489613","_	24489613"
6556,勝品電通股份有限公司,"	53184695","_	53184695"
6558,興能高科技股份有限公司,"	97430131","_	97430131"
6559,研晶光電股份有限公司,"	27797183","_	27797183"
6560,欣普羅光電股份有限公司,"	70643081","_	70643081"
6561,是方電訊股份有限公司,"	86000036","_	86000036"
6562,聯亞藥業股份有限公司,"	24626617","_	24626617"
6563,映智科技股份有限公司,"	53495662","_	53495662"
6564,安特羅生物科技股份有限公司,"	54665910","_	54665910"
6565,物聯智慧股份有限公司,"	29045478","_	29045478"
6566,創益生技股份有限公司,"	53226196","_	53226196"
6568,宏觀微電子股份有限公司,"	28514260","_	28514260"
6569,醫揚科技股份有限公司,"	29135647","_	29135647"
6570,維田科技股份有限公司,"	27271130","_	27271130"
6572,博錸生技股份有限公司,"	24489199","_	24489199"
6573,虹揚發展科技股份有限公司,"	53016234","_	53016234"
6574,霈方國際股份有限公司,"	80281973","_	80281973"
6575,心悅生醫股份有限公司,"	54179072","_	54179072"
6576,逸達生物科技股份有限公司,"	54165507","_	54165507"
6577,勁豐電子股份有限公司,"	70565509","_	70565509"
6578,達邦蛋白股份有限公司,"	13000453","_	13000453"
6579,研揚科技股份有限公司,"	53113073","_	53113073"
6580,台睿生物科技股份有限公司,"	53529570","_	53529570"
6581,台灣鋼聯股份有限公司,"	89528054","_	89528054"
6582,申豐特用應材股份有限公司,"	85841102","_	85841102"
6583,友松娛樂股份有限公司,"	12654975","_	12654975"
6584,南俊國際股份有限公司,"	36268804","_	36268804"
6585,鼎基先進材料股份有限公司,"	81486019","_	81486019"
6586,醣基生醫股份有限公司,"	54170142","_	54170142"
6587,鑫盛傳媒製作股份有限公司,"	24783003","_	24783003"
6588,東典光電科技股份有限公司,"	70507419","_	70507419"
6589,台康生技股份有限公司,"	54150737","_	54150737"
6590,普鴻資訊股份有限公司,"	70584647","_	70584647"
6591,動力科技股份有限公司,"	42461124","_	42461124"
6592,和潤企業股份有限公司,"	16844548","_	16844548"
6593,台灣銘板股份有限公司,"	20675832","_	20675832"
6594,展匯科技股份有限公司,"	42627808","_	42627808"
6595,光禹國際數位娛樂開發股份有限公司,"	54320971","_	54320971"
6596,寬宏藝術經紀股份有限公司,"	27530185","_	27530185"
6597,立誠光電股份有限公司,"	53125710","_	53125710"
6598,瑞磁生物科技集團股份有限公司,"	42545659","_	42545659"
6599,普達系統股份有限公司,"	29069127","_	29069127"
6603,富強鑫精密工業股份有限公司,"	86122164","_	86122164"
6605,帝寶工業股份有限公司,"	59347422","_	59347422"
6606,建德工業股份有限公司,"	35309102","_	35309102"
6609,台灣瀧澤科技股份有限公司,"	44549792","_	44549792"
6610,安成生物科技股份有限公司,"	25147136","_	25147136"
6611,辣椒方舟移動數位股份有限公司,"	24748105","_	24748105"
6612,應用奈米醫材科技股份有限公司,"	28113167","_	28113167"
6613,朋億股份有限公司,"	16034271","_	16034271"
6614,資拓宏宇國際股份有限公司,"	28859051","_	28859051"
6615,慧智基因股份有限公司,"	53710986","_	53710986"
6616,特昇國際股份有限公司,"	72488249","_	72488249"
6617,共信醫藥科技控股股份有限公司,"	42486336","_	42486336"
6618,永虹先進材料股份有限公司,"	53536761","_	53536761"
6620,漢達生技醫藥股份有限公司,"	24546157","_	24546157"
6621,華宇藥品股份有限公司,"	70680851","_	70680851"
6622,百聿數碼創意股份有限公司,"	24777847","_	24777847"
6623,施吉生技應材股份有限公司,"	54240554","_	54240554"
6624,萬年清環境工程股份有限公司,"	16863495","_	16863495"
6625,必應創造股份有限公司,"	54663862","_	54663862"
6626,唯數娛樂科技股份有限公司,"	54661506","_	54661506"
6628,創祐生技股份有限公司,"	54368019","_	54368019"
6629,泰金投資控股股份有限公司,"	43015307","_	43015307"
6633,萊鎂醫療器材股份有限公司,"	25181598","_	25181598"
6634,欣耀生醫股份有限公司,"	54727599","_	54727599"
6635,瑞利軍工股份有限公司,"	24712802","_	24712802"
6637,醫影股份有限公司,"	86700973","_	86700973"
6638,沅聖科技股份有限公司,"	80456781","_	80456781"
6639,源大環能股份有限公司,"	29120948","_	29120948"
6640,均華精密工業股份有限公司,"	53186146","_	53186146"
6641,基士德科技股份有限公司,"	82703128","_	82703128"
6642,富致科技股份有限公司,"	70670235","_	70670235"
6643,星科技股份有限公司,"	53621915","_	53621915"
6645,金萬林企業股份有限公司,"	27348877","_	27348877"
6647,合迪股份有限公司,"	22424994","_	22424994"
6648,斯其大科技股份有限公司,"	16790212","_	16790212"
6649,台灣生醫材料股份有限公司,"	54008079","_	54008079"
6650,帝圖科技文化股份有限公司,"	24327189","_	24327189"
6651,全宇昕科技股份有限公司,"	13063718","_	13063718"
6652,雅祥生技醫藥股份有限公司,"	27570215","_	27570215"
6654,天正國際精密機械股份有限公司,"	53900846","_	53900846"
6655,科定企業股份有限公司,"	80214519","_	80214519"
6656,宬世環宇國際媒體股份有限公司,"	24309422","_	24309422"
6657,華安醫學股份有限公司,"	53726093","_	53726093"
6658,聯策科技股份有限公司,"	13079649","_	13079649"
6659,天明製藥股份有限公司,"	81002274","_	81002274"
6660,厚美德生物科技股份有限公司,"	70507157","_	70507157"
6661,威健股份有限公司,"	80158777","_	80158777"
6662,樂斯科生物科技股份有限公司,"	12862410","_	12862410"
6663,茂丞科技股份有限公司,"	29048279","_	29048279"
6664,群翊工業股份有限公司,"	23555277","_	23555277"
6665,康聯生醫科技股份有限公司,"	24291669","_	24291669"
6666,羅麗芬控股股份有限公司,"	82230260","_	82230260"
6667,信紘科技股份有限公司,"	89728356","_	89728356"
6668,中揚光電股份有限公司,"	54258218","_	54258218"
6669,緯穎科技服務股份有限公司,"	53687704","_	53687704"
6670,復盛應用科技股份有限公司,"	53091900","_	53091900"
6671,三能集團控股股份有限公司,"	82517356","_	82517356"
6672,騰輝電子國際集團股份有限公司,"	72952251","_	72952251"
6673,和詮科技股份有限公司,"	70849491","_	70849491"
6674,鋐寶科技股份有限公司,"	24456541","_	24456541"
6676,祥翊製藥股份有限公司,"	27559859","_	27559859"
6677,瑩碩生技醫藥股份有限公司,"	80207616","_	80207616"
6679,鈺太科技股份有限公司,"	27979753","_	27979753"
6680,鑫創電子股份有限公司,"	24332747","_	24332747"
6682,碩鑽材料股份有限公司,"	24804181","_	24804181"
6683,雍智科技股份有限公司,"	28398895","_	28398895"
6684,安格科技股份有限公司,"	53172585","_	53172585"
6688,海樂影業股份有限公司,"	27457157","_	27457157"
6689,伊雲谷數位科技股份有限公司,"	54359763","_	54359763"
6690,安碁資訊股份有限公司,"	70565450","_	70565450"
6691,洋基工程股份有限公司,"	30921756","_	30921756"
6692,進金生能源服務股份有限公司,"	24758118","_	24758118"
6693,廣閎科技股份有限公司,"	28870892","_	28870892"
6694,長泓能源科技股份有限公司,"	25059175","_	25059175"
6695,芯鼎科技股份有限公司,"	28112890","_	28112890"
6696,仁新醫藥股份有限公司,"	43814765","_	43814765"
6697,東捷資訊服務股份有限公司,"	23929058","_	23929058"
6698,旭暉應用材料股份有限公司,"	28722767","_	28722767"
6699,奇邑科技股份有限公司,"	79959602","_	79959602"
6703,軒郁國際股份有限公司,"	24347235","_	24347235"
6704,國璽幹細胞應用技術股份有限公司,"	80689276","_	80689276"
6705,振躍精密滑軌股份有限公司,"	97214507","_	97214507"
6706,惠特科技股份有限公司,"	70697332","_	70697332"
6707,富基電通股份有限公司,"	27525541","_	27525541"
6708,天擎積體電路股份有限公司,"	12748729","_	12748729"
6709,昱厚生技股份有限公司,"	28403068","_	28403068"
6712,長聖國際生技股份有限公司,"	60274720","_	60274720"
6713,博謙生技股份有限公司,"	54574685","_	54574685"
6715,嘉基科技股份有限公司,"	53431627","_	53431627"
6716,應廣科技股份有限公司,"	27619977","_	27619977"
6717,智慧光科技股份有限公司,"	80258993","_	80258993"
6719,力智電子股份有限公司,"	27983551","_	27983551"
6720,久昌科技股份有限公司,"	53502805","_	53502805"
6721,信實保全股份有限公司,"	24210110","_	24210110"
6722,輝創電子股份有限公司,"	20947969","_	20947969"
6723,傑智環境科技股份有限公司,"	28139878","_	28139878"
6724,創王光電股份有限公司,"	43941967","_	43941967"
6725,台灣矽科宏晟科技股份有限公司,"	54803147","_	54803147"
6726,鑫亞電通股份有限公司,"	16296444","_	16296444"
6727,亞泰金屬工業股份有限公司,"	04393941","_	04393941"
6728,上洋產業股份有限公司,"	12978735","_	12978735"
6729,機光科技股份有限公司,"	12846708","_	12846708"
6730,常廣股份有限公司,"	80722654","_	80722654"
6731,啟坤科技股份有限公司,"	04465819","_	04465819"
6732,昇佳電子股份有限公司,"	25079572","_	25079572"
6733,博晟生醫股份有限公司,"	42404010","_	42404010"
6734,安盛生科股份有限公司,"	53927676","_	53927676"
6735,美達科技股份有限公司,"	13115906","_	13115906"
6736,碩辣椒股份有限公司,"	54173788","_	54173788"
6737,秀育企業股份有限公司,"	59244777","_	59244777"
6738,鼎恒數位科技股份有限公司,"	54510058","_	54510058"
6739,竹陞科技股份有限公司,"	56712683","_	56712683"
6740,松果購物股份有限公司,"	43455509","_	43455509"
6742,澤米科技股份有限公司,"	80137437","_	80137437"
6743,安普新股份有限公司,"	16540496","_	16540496"
6744,豐技生物科技股份有限公司,"	86704393","_	86704393"
6746,全科綜電股份有限公司,"	28220737","_	28220737"
6747,亨泰光學股份有限公司,"	04342697","_	04342697"
6748,亞果生醫股份有限公司,"	54562029","_	54562029"
6749,黑馬數位科技股份有限公司,"	54712815","_	54712815"
6750,泰創工程股份有限公司,"	84417537","_	84417537"
6751,智聯服務股份有限公司,"	57604000","_	57604000"
6752,叡揚資訊股份有限公司,"	22425662","_	22425662"
6753,龍德造船工業股份有限公司,"	40607762","_	40607762"
6754,匯僑室內裝修設計股份有限公司,"	24775812","_	24775812"
6755,連鋐科技股份有限公司,"	28031594","_	28031594"
6756,威鋒電子股份有限公司,"	29125676","_	29125676"
6757,台灣虎航股份有限公司,"	54381049","_	54381049"
6758,冠亞生技股份有限公司,"	12873063","_	12873063"
6761,穩得實業股份有限公司,"	05052033","_	05052033"
6762,達亞國際股份有限公司,"	27491562","_	27491562"
6763,綠界科技股份有限公司,"	97025978","_	97025978"
6803,崑鼎投資控股股份有限公司,"	70758512","_	70758512"
7402,邑錡股份有限公司,"	80538664","_	80538664"
7419,達勝科技股份有限公司,"	27449349","_	27449349"
7443,凡事康流體科技股份有限公司,"	70401437","_	70401437"
7516,清淨海生技股份有限公司,"	28646868","_	28646868"
7556,意德士科技股份有限公司,"	70381684","_	70381684"
7558,群利科技股份有限公司,"	24467961","_	24467961"
8011,台通光電股份有限公司,"	12362365","_	12362365"
8015,愛迪亞科技股份有限公司,"	97178397","_	97178397"
8016,矽創電子股份有限公司,"	86735240","_	86735240"
8021,尖點科技股份有限公司,"	96912835","_	96912835"
8022,正航資訊股份有限公司,"	23736165","_	23736165"
8024,佑華微電子股份有限公司,"	86806602","_	86806602"
8027,鈦昇科技股份有限公司,"	22101002","_	22101002"
8028,昇陽國際半導體股份有限公司,"	84149884","_	84149884"
8029,久尹股份有限公司,"	04717913","_	04717913"
8032,光菱電子股份有限公司,"	22626725","_	22626725"
8033,雷虎科技股份有限公司,"	52541175","_	52541175"
8034,榮群電訊股份有限公司,"	86001464","_	86001464"
8038,長園科技實業股份有限公司,"	16207745","_	16207745"
8039,台虹科技股份有限公司,"	16198345","_	16198345"
8040,九暘電子股份有限公司,"	16069953","_	16069953"
8042,臺灣金山電子工業股份有限公司,"	03550210","_	03550210"
8043,蜜望實企業股份有限公司,"	23310983","_	23310983"
8044,網路家庭國際資訊股份有限公司,"	16606102","_	16606102"
8045,達運光電股份有限公司,"	86880449","_	86880449"
8046,南亞電路板股份有限公司,"	16096804","_	16096804"
8047,星雲電腦股份有限公司,"	23360202","_	23360202"
8048,德勝科技股份有限公司,"	05094603","_	05094603"
8049,晶采光電科技股份有限公司,"	16440433","_	16440433"
8050,廣積科技股份有限公司,"	70479315","_	70479315"
8053,巨擘科技股份有限公司,"	47255904","_	47255904"
8054,安國國際科技股份有限公司,"	70455720","_	70455720"
8059,凱碩科技股份有限公司,"	16631735","_	16631735"
8064,東捷科技股份有限公司,"	16491312","_	16491312"
8066,來思達國際企業股份有限公司,"	84149821","_	84149821"
8067,志旭國際股份有限公司,"	23286631","_	23286631"
8068,全達國際股份有限公司,"	16003714","_	16003714"
8069,元太科技工業股份有限公司,"	22099890","_	22099890"
8070,長華電材股份有限公司,"	23307811","_	23307811"
8071,能率網通股份有限公司,"	84415355","_	84415355"
8072,陞泰科技股份有限公司,"	97092770","_	97092770"
8074,鉅橡企業股份有限公司,"	96865657","_	96865657"
8076,伍豐科技股份有限公司,"	89961466","_	89961466"
8077,洛碁實業股份有限公司,"	89211393","_	89211393"
8080,台灣奧斯特股份有限公司,"	84492351","_	84492351"
8081,致新科技股份有限公司,"	84149723","_	84149723"
8083,瑞穎股份有限公司,"	16264415","_	16264415"
8084,巨虹電子股份有限公司,"	84630087","_	84630087"
8085,福華電子股份有限公司,"	11825450","_	11825450"
8086,宏捷科技股份有限公司,"	16130423","_	16130423"
8087,華鎂鑫科技股份有限公司,"	16203494","_	16203494"
8088,品安科技股份有限公司,"	84750054","_	84750054"
8089,康全電訊股份有限公司,"	23727877","_	23727877"
8091,翔名科技股份有限公司,"	86436593","_	86436593"
8092,建暐精密科技股份有限公司,"	76470282","_	76470282"
8093,保銳科技股份有限公司,"	23725553","_	23725553"
8096,擎亞電子股份有限公司,"	16099112","_	16099112"
8097,常珵科技股份有限公司,"	22206879","_	22206879"
8099,大同世界科技股份有限公司,"	70771557","_	70771557"
8101,華冠通訊股份有限公司,"	70747852","_	70747852"
8103,瀚荃股份有限公司,"	23632274","_	23632274"
8104,錸寶科技股份有限公司,"	70766576","_	70766576"
8105,凌巨科技股份有限公司,"	16432742","_	16432742"
8107,大億金茂股份有限公司,"	16359284","_	16359284"
8109,博大科技股份有限公司,"	86757291","_	86757291"
8110,華東科技股份有限公司,"	22101116","_	22101116"
8111,立碁電子工業股份有限公司,"	23378792","_	23378792"
8112,至上電子股份有限公司,"	22368959","_	22368959"
8114,振樺電子股份有限公司,"	12514341","_	12514341"
8115,帝聞企業股份有限公司,"	11491382","_	11491382"
8119,公信電子股份有限公司,"	20972349","_	20972349"
8121,越峰電子材料股份有限公司,"	86124395","_	86124395"
8127,利汎科技股份有限公司,"	97095636","_	97095636"
8131,福懋科技股份有限公司,"	23826736","_	23826736"
8134,泰山電子股份有限公司,"	43245671","_	43245671"
8140,利翔航太電子股份有限公司,"	97324075","_	97324075"
8147,正淩精密工業股份有限公司,"	22324051","_	22324051"
8150,南茂科技股份有限公司,"	16130042","_	16130042"
8152,峻新電腦股份有限公司,"	86297564","_	86297564"
8155,博智電子股份有限公司,"	89495531","_	89495531"
8163,達方電子股份有限公司,"	16081507","_	16081507"
8171,天宇工業股份有限公司,"	38426929","_	38426929"
8176,智捷科技股份有限公司,"	84149408","_	84149408"
8179,旭德科技股份有限公司,"	16638110","_	16638110"
8182,加高電子股份有限公司,"	75914885","_	75914885"
8183,台灣精星科技股份有限公司,"	23984925","_	23984925"
8201,無敵科技股份有限公司,"	23163259","_	23163259"
8210,勤誠興業股份有限公司,"	05143647","_	05143647"
8213,志超科技股份有限公司,"	70801378","_	70801378"
8215,明基材料股份有限公司,"	16549778","_	16549778"
8218,輝城電子股份有限公司,"	97632713","_	97632713"
8222,寶一科技股份有限公司,"	04431804","_	04431804"
8225,華矽半導體股份有限公司,"	84276023","_	84276023"
8227,巨有科技股份有限公司,"	86169913","_	86169913"
8234,新漢股份有限公司,"	86891972","_	86891972"
8240,華宏新技股份有限公司,"	83428825","_	83428825"
8242,晶訊科技股份有限公司,"	84628723","_	84628723"
8249,菱光科技股份有限公司,"	16596646","_	16596646"
8255,朋程科技股份有限公司,"	16748101","_	16748101"
8261,富鼎先進電子股份有限公司,"	16550923","_	16550923"
8271,宇瞻科技股份有限公司,"	97444368","_	97444368"
8277,商丞科技股份有限公司,"	84783772","_	84783772"
8279,生展生物科技股份有限公司,"	16130471","_	16130471"
8281,歐普羅科技股份有限公司,"	84626464","_	84626464"
8284,三竹資訊股份有限公司,"	86136982","_	86136982"
8287,英格爾科技股份有限公司,"	43869091","_	43869091"
8289,泰藝電子股份有限公司,"	70540563","_	70540563"
8291,尚茂電子材料股份有限公司,"	16431363","_	16431363"
8298,威睿科技股份有限公司,"	70573368","_	70573368"
8299,群聯電子股份有限公司,"	12649951","_	12649951"
8304,佳聯有線電視股份有限公司,"	97176779","_	97176779"
8305,群健有線電視股份有限公司,"	16085969","_	16085969"
8307,大台中數位有線電視股份有限公司,"	97176790","_	97176790"
8308,中投有線電視股份有限公司,"	16085715","_	16085715"
8309,吉元有線電視股份有限公司,"	16085145","_	16085145"
8310,長德有線電視股份有限公司,"	16085813","_	16085813"
8312,東亞有線電視股份有限公司,"	16080958","_	16080958"
8315,大江國際股份有限公司,"	97430717","_	97430717"
8323,天威保全股份有限公司,"	23316868","_	23316868"
8327,洄瀾有線電視股份有限公司,"	16449841","_	16449841"
8329,臺灣電視事業股份有限公司,"	20685000","_	20685000"
8330,臺灣汎生製藥廠股份有限公司,"	85615014","_	85615014"
8338,麥寮汽電股份有限公司,"	96975970","_	96975970"
8341,日友環保科技股份有限公司,"	89922041","_	89922041"
8342,益張實業股份有限公司,"	22492367","_	22492367"
8343,科學城物流股份有限公司,"	16130319","_	16130319"
8349,恒耀國際股份有限公司,"	69916350","_	69916350"
8350,榮輪科技股份有限公司,"	22318868","_	22318868"
8354,冠好科技股份有限公司,"	86779099","_	86779099"
8358,金居開發股份有限公司,"	16447610","_	16447610"
8359,錢櫃企業股份有限公司,"	22327867","_	22327867"
8360,中華電視股份有限公司,"	20516997","_	20516997"
8366,中華彩色印刷股份有限公司,"	03097801","_	03097801"
8367,建新國際股份有限公司,"	23250583","_	23250583"
8368,屏南有線電視股份有限公司,"	16446470","_	16446470"
8370,欣隆天然氣股份有限公司,"	00146877","_	00146877"
8374,羅昇企業股份有限公司,"	12486062","_	12486062"
8376,遠鼎投資股份有限公司,"	22266828","_	22266828"
8379,欣湖天然氣股份有限公司,"	04779353","_	04779353"
8383,千附實業股份有限公司,"	12378253","_	12378253"
8387,緯來電視網股份有限公司,"	20913187","_	20913187"
8390,金益鼎企業股份有限公司,"	97419282","_	97419282"
8391,森霸電力股份有限公司,"	70783499","_	70783499"
8392,星能電力股份有限公司,"	70783765","_	70783765"
8394,台灣菸酒股份有限公司,"	03787101","_	03787101"
8399,聯美林業股份有限公司,"	89507038","_	89507038"
8401,白紗科技印刷股份有限公司,"	70730281","_	70730281"
8403,盛弘醫藥股份有限公司,"	80563852","_	80563852"
8404,百和興業股份有限公司,"	26829193","_	26829193"
8406,金可國際股份有限公司,"	39660325","_	39660325"
8409,商之器科技股份有限公司,"	22743619","_	22743619"
8410,森田印刷廠股份有限公司,"	68682185","_	68682185"
8411,福貞控股股份有限公司,"	10913602","_	10913602"
8415,大成國際鋼鐵股份有限公司,"	28754606","_	28754606"
8416,實威國際股份有限公司,"	27746072","_	27746072"
8418,捷必勝控股股份有限公司,"	53008678","_	53008678"
8420,明揚國際科技股份有限公司,"	28288026","_	28288026"
8421,旭源包裝科技股份有限公司,"	27476083","_	27476083"
8422,可寧衛股份有限公司,"	16908140","_	16908140"
8423,保綠資源股份有限公司,"	53003483","_	53003483"
8424,惠普股份有限公司,"	12371385","_	12371385"
8426,紅木集團股份有限公司,"	53003863","_	53003863"
8427,基勝控股股份有限公司,"	53013905","_	53013905"
8429,金麗集團控股有限公司,"	36986397","_	36986397"
8431,匯鑽科技股份有限公司,"	29061764","_	29061764"
8432,東生華製藥股份有限公司,"	53093421","_	53093421"
8433,弘帆股份有限公司,"	12547173","_	12547173"
8435,台灣鉅邁股份有限公司,"	12137902","_	12137902"
8436,大江生醫股份有限公司,"	12292039","_	12292039"
8437,大地幼教股份有限公司,"	41421434","_	41421434"
8438,昶昕實業股份有限公司,"	23509611","_	23509611"
8440,綠電再生股份有限公司,"	16636181","_	16636181"
8442,威宏控股股份有限公司,"	50684485","_	50684485"
8443,阿瘦實業股份有限公司,"	80511709","_	80511709"
8444,綠河股份有限公司,"	54387326","_	54387326"
8446,華研國際音樂股份有限公司,"	16842491","_	16842491"
8450,霹靂國際多媒體股份有限公司,"	97053241","_	97053241"
8452,北都數位有線電視股份有限公司,"	54348464","_	54348464"
8453,全國數位有線電視股份有限公司,"	54279620","_	54279620"
8454,富邦媒體科技股份有限公司,"	27365925","_	27365925"
8455,蓋曼群島商日本大拓股份有限公司,"	54385657","_	54385657"
8456,天外天數位有線電視股份有限公司,"	54293088","_	54293088"
8458,影一製作所股份有限公司,"	28701117","_	28701117"
8459,數位天空服務股份有限公司,"	54693824","_	54693824"
8462,柏文健康事業股份有限公司,"	27693238","_	27693238"
8463,潤泰精密材料股份有限公司,"	86871981","_	86871981"
8464,億豐綜合工業股份有限公司,"	28696894","_	28696894"
8465,德河海洋生技股份有限公司,"	29088476","_	29088476"
8466,美吉吉國際股份有限公司,"	50640945","_	50640945"
8467,波力環球企業股份有限公司,"	47442040","_	47442040"
8469,新高雄有線電視股份有限公司,"	54383460","_	54383460"
8472,夠麻吉股份有限公司,"	25145643","_	25145643"
8473,山林水環境工程股份有限公司,"	27329077","_	27329077"
8475,新彰數位有線電視股份有限公司,"	24635926","_	24635926"
8476,台境企業股份有限公司,"	80369745","_	80369745"
8477,創業家兄弟股份有限公司,"	53761823","_	53761823"
8478,東哥企業股份有限公司,"	85798816","_	85798816"
8479,台灣藝術股份有限公司,"	53598962","_	53598962"
8480,泰昇國際股份有限公司,"	56255601","_	56255601"
8481,政伸企業股份有限公司,"	22396792","_	22396792"
8482,商億全球控股有限公司,"	82172064","_	82172064"
8486,大基隆有線電視股份有限公司,"	54838075","_	54838075"
8487,愛爾達科技股份有限公司,"	70542247","_	70542247"
8488,吉源控股股份有限公司,"	47848647","_	47848647"
8489,三貝德數位文創股份有限公司,"	28443147","_	28443147"
8490,台灣利得生物科技股份有限公司,"	28530000","_	28530000"
8491,真好玩娛樂科技股份有限公司,"	54358602","_	54358602"
8492,兔將創意影業股份有限公司,"	53313071","_	53313071"
8495,經緯航太科技股份有限公司,"	27285850","_	27285850"
8496,台霖生物科技股份有限公司,"	27559730","_	27559730"
8497,格威傳媒股份有限公司,"	11330555","_	11330555"
8499,鼎炫投資控股股份有限公司,"	72780928","_	72780928"
8905,裕國冷凍冷藏股份有限公司,"	23641978","_	23641978"
8906,花王企業股份有限公司,"	33742362","_	33742362"
8908,欣雄天然氣股份有限公司,"	07861475","_	07861475"
8913,全銓租賃股份有限公司,"	05711866","_	05711866"
8916,光隆實業股份有限公司,"	33111800","_	33111800"
8917,欣泰石油氣股份有限公司,"	22000004","_	22000004"
8921,沈氏藝術印刷股份有限公司,"	15820097","_	15820097"
8923,時報文化出版企業股份有限公司,"	01405937","_	01405937"
8924,大田精密工業股份有限公司,"	23060009","_	23060009"
8926,台灣汽電共生股份有限公司,"	86685142","_	86685142"
8927,北基國際股份有限公司,"	23218091","_	23218091"
8928,鉅明股份有限公司,"	85634075","_	85634075"
8929,富堡工業股份有限公司,"	30851864","_	30851864"
8930,青鋼應用材料股份有限公司,"	69797158","_	69797158"
8931,大園汽電共生股份有限公司,"	84526079","_	84526079"
8932,宏大拉鍊股份有限公司,"	35892013","_	35892013"
8933,愛地雅工業股份有限公司,"	97506791","_	97506791"
8934,衡平股份有限公司,"	22735391","_	22735391"
8935,邦泰複合材料股份有限公司,"	52784171","_	52784171"
8936,國統國際股份有限公司,"	91888619","_	91888619"
8937,合騏工業股份有限公司,"	66338721","_	66338721"
8938,明安國際企業股份有限公司,"	22532826","_	22532826"
8940,新天地國際實業股份有限公司,"	84435578","_	84435578"
8941,關中股份有限公司,"	14062738","_	14062738"
8942,森鉅科技材料股份有限公司,"	89845559","_	89845559"
8943,寶福有線電視股份有限公司,"	96978934","_	96978934"
8945,大新店民主有線電視股份有限公司,"	96972100","_	96972100"
8946,雙子星有線電視股份有限公司,"	97160397","_	97160397"
8948,北視有線電視股份有限公司,"	97161136","_	97161136"
8951,新竹振道有線電視股份有限公司,"	97162178","_	97162178"
8952,金頻道有線電視股份有限公司,"	97161298","_	97161298"
8953,吉隆有線電視股份有限公司,"	97162515","_	97162515"
8955,北健有線電視股份有限公司,"	97161945","_	97161945"
8956,台灣數位寬頻有線電視股份有限公司,"	97164529","_	97164529"
8957,新唐城有線電視事業股份有限公司,"	97165153","_	97165153"
8960,紅樹林有線電視股份有限公司,"	96971616","_	96971616"
8962,新視波有線電視股份有限公司,"	97166364","_	97166364"
8963,新台北有線電視股份有限公司,"	97167238","_	97167238"
8965,家和有線電視股份有限公司,"	97167650","_	97167650"
8966,鳳信有線電視股份有限公司,"	97163747","_	97163747"
8967,慶聯有線電視股份有限公司,"	97164582","_	97164582"
8968,陽明山有線電視股份有限公司,"	97168320","_	97168320"
8969,北桃園有線電視股份有限公司,"	97169897","_	97169897"
8970,大揚有線電視股份有限公司,"	97165169","_	97165169"
8971,南桃園有線電視股份有限公司,"	97170775","_	97170775"
8973,澎湖有線電視股份有限公司,"	97170304","_	97170304"
8974,世新有線電視股份有限公司,"	97168074","_	97168074"
8975,觀昇有線電視股份有限公司,"	97168406","_	97168406"
8976,聯維有線電視股份有限公司,"	97161895","_	97161895"
8977,南國有線電視股份有限公司,"	97170965","_	97170965"
8978,大安文山有線電視股份有限公司,"	97172470","_	97172470"
8980,萬象有線電視股份有限公司,"	97173392","_	97173392"
8981,麗冠有線電視股份有限公司,"	97173512","_	97173512"
8982,信和有線電視股份有限公司,"	97175429","_	97175429"
8983,豐盟有線電視股份有限公司,"	97171107","_	97171107"
8985,國聲有線電視股份有限公司,"	97176412","_	97176412"
8986,台灣佳光電訊股份有限公司,"	97173528","_	97173528"
8987,東台有線電視事業股份有限公司,"	97177762","_	97177762"
8988,大屯有線電視股份有限公司,"	97174358","_	97174358"
8990,港都有線電視股份有限公司,"	97178452","_	97178452"
8991,三大有線電視股份有限公司,"	97176736","_	97176736"
8992,新頻道有線電視股份有限公司,"	97176807","_	97176807"
8995,北港有線電視股份有限公司,"	97176757","_	97176757"
8996,高力熱處理工業股份有限公司,"	35319185","_	35319185"
9103,美德向邦醫療國際股份有限公司,"	00000000","_	00000000"
9105,泰金寶科技股份有限公司,"	00000000","_	00000000"
9110,越南製造加工出口控股有限公司,"	00000000","_	00000000"
9136,巨騰國際控股有限公司,"	00000000","_	00000000"
9157,陽光能源控股有限公司,"	26153183","_	26153183"
9188,精熙國際股份有限公司,"	00000000","_	00000000"
9802,鈺齊國際股份有限公司,"	39737838","_	39737838"
9902,台火開發股份有限公司,"	03562308","_	03562308"
9904,寶成工業股份有限公司,"	58711014","_	58711014"
9905,大華金屬工業股份有限公司,"	04403363","_	04403363"
9906,欣巴巴事業股份有限公司,"	33428716","_	33428716"
9907,統一實業股份有限公司,"	73252657","_	73252657"
9908,大台北區瓦斯股份有限公司,"	11072304","_	11072304"
9910,豐泰企業股份有限公司,"	63400932","_	63400932"
9911,台灣櫻花股份有限公司,"	23113940","_	23113940"
9912,偉聯科技股份有限公司,"	20792640","_	20792640"
9914,美利達工業股份有限公司,"	59052361","_	59052361"
9917,中興保全科技股份有限公司,"	12148598","_	12148598"
9918,欣欣天然氣股份有限公司,"	33665843","_	33665843"
9919,康那香企業股份有限公司,"	74231126","_	74231126"
9921,巨大機械工業股份有限公司,"	56054251","_	56054251"
9924,台灣福興工業股份有限公司,"	75706009","_	75706009"
9925,台灣新光保全股份有限公司,"	12261768","_	12261768"
9926,新海瓦斯股份有限公司,"	35433242","_	35433242"
9927,泰銘實業股份有限公司,"	79875202","_	79875202"
9928,中國電視事業股份有限公司,"	18556774","_	18556774"
9929,秋雨創新股份有限公司,"	69439272","_	69439272"
9930,中聯資源股份有限公司,"	86119908","_	86119908"
9931,欣高石油氣股份有限公司,"	79882718","_	79882718"
9933,中鼎工程股份有限公司,"	20817282","_	20817282"
9934,成霖企業股份有限公司,"	30899261","_	30899261"
9935,慶豐富實業股份有限公司,"	59198197","_	59198197"
9937,全國加油站股份有限公司,"	22958907","_	22958907"
9938,台灣百和工業股份有限公司,"	09468343","_	09468343"
9939,宏全國際股份有限公司,"	58176511","_	58176511"
9940,信義房屋股份有限公司,"	22354940","_	22354940"
9941,裕融企業股份有限公司,"	23528130","_	23528130"
9942,茂順密封元件科技股份有限公司,"	61904541","_	61904541"
9943,好樂迪股份有限公司,"	84256265","_	84256265"
9944,新麗企業股份有限公司,"	33375909","_	33375909"
9945,潤泰創新國際股份有限公司,"	12139612","_	12139612"
9946,三發地產股份有限公司,"	84466749","_	84466749"
9949,琉園股份有限公司,"	84767175","_	84767175"
9950,萬國通路股份有限公司,"	73644351","_	73644351"
9951,皇田工業股份有限公司,"	73707377","_	73707377"
9955,佳龍科技工程股份有限公司,"	97211972","_	97211972"
9957,燁聯鋼鐵股份有限公司,"	23218395","_	23218395"
9958,世紀鋼鐵結構股份有限公司,"	22649001","_	22649001"
9960,邁達康網路事業股份有限公司,"	16824183","_	16824183"
9962,有益鋼鐵股份有限公司,"	96862363","_	96862363"
9963,台灣電力股份有限公司,"	03795904","_	03795904"
9964,榮僑投資股份有限公司,"	11819788","_	11819788"
9968,台灣華歌爾股份有限公司,"	43409251","_	43409251"
9971,立大開發投資股份有限公司,"	11220403","_	11220403"
9977,新永安有線電視股份有限公司,"	84999365","_	84999365"
9978,長榮空廚股份有限公司,"	84476394","_	84476394"
9982,三冠王有線電視股份有限公司,"	96973683","_	96973683"
9983,永佳樂有線電視股份有限公司,"	89860312","_	89860312"
9984,全聯有線電視股份有限公司,"	96973620","_	96973620"
9985,觀天下有線電視事業股份有限公司,"	89406714","_	89406714"
9986,南天有線電視股份有限公司,"	89407740","_	89407740"
10001,富邦證券金融股份有限公司,"	89394288","_	89394288"
10002,環華證券金融股份有限公司,"	89393957","_	89393957"
910322,康師傅控股有限公司,"	00000000","_	00000000"
910482,聖馬丁國際控股有限公司,"	00000000","_	00000000"
910861,神州數碼控股有限公司,"	00000000","_	00000000"
911608,明輝環球企業股份有限公司,"	26264842","_	26264842"
911613,特藝石油能源股份有限公司,"	00000000","_	00000000"
911616,杜康控股有限公司,"	00000000","_	00000000"
911622,聚亨企業集團股份有限公司,"	26064801","_	26064801"
911868,同方友友控股有限公司,"	00000000","_	00000000"
912000,晨訊科技股份有限公司,"	00000000","_	00000000"
912398,友佳國際控股有限公司,"	00000000","_	00000000"
0009A0,永豐金證券股份有限公司,"	23113343","_	23113343"
